category_name,department_name,list_price,unit_price
 clEANINg ,BEAuTy care,8.085.170,334.39
Rc , faSHiON,â‚«2797904,2.749.243
wEaRaBles, HOMe ANd LiVing,7279k,7215k
 BloCkS ,BEauTy cARe,393.16,$389.37 
HAiRCare , FasHon,1268k,$52.39 
mAKEuP,HoMe & livinG,340.97,8112960000
CamEraS,ToyZ ,$381.18 ,9101160
BoARD gAMes ,SpORTs-OutdOoRs,5.844.285,â‚«5791711
 SkINCArE,elECTroNiC ,$216.26 ,5188552
 mAkeUp ,BEautY CarE,374.78,8981304000
AUdIo ,Fashon,995k,902.66
 PhoneS,HoME AND livInG,5533474,5519k
WEARableS,HoMe&liViNG ,9.463.204,392.19
 ACCEsSoRiES ,SPorTS-OUTDOoRS,7484k,7445524000
lAPtOPS,toYz ,$98.98 ,96.21
rc , BEAuty/care ,7.548.431,$311.45 
CaMeRAS , spOrtS & OuTDoORs,â‚«6684339,6.679.018
BOaRd gameS , HOme&lIVInG,398.58,$398.14 
Furniture , hoME&LIviNG ,3276579000,$133.05 
 LaPtOPS , tOYs,2877496,â‚«2857139
 cLotHING, fAsHOn,6074k,6066994000
aCcESSorIeS ,ToyZ,2597274,2561k
 CleAnIng ,FAsHon ,â‚«2724543,111.39
auDIo, ElEctroNIcs ,301.72,7203647000
PuzZLEs,beautY CaRe ,9023862000,8974354000
SkiNCAre ,ToyZ,1086k,â‚«1037200
 WearaBles,Fashon,â‚«4394715,â‚«4384574
audIO , bEAUTy caRe ,1245k,â‚«1178924
 Blocks,bEAUtY/cArE ,â‚«2063115,1.987.210
 phoNes, fAshoN ,378.98,9022300000
 TEaM SpoRts ,BeauTy CARe ,â‚«5198344,5128k
SkInCaRE , ELeCTroNics,85.38,1.954.491
weArablES,SPorts & ouTDoORS,5491k,5.426.956
lAPtOps ,SporTs & OUTDooRS ,146.92,3.451.605
 WEaRables,ELEctronIc,404883000,12.77
 cLEanIng , faShIon ,1864575,1848487
laptoPs , ELeCtRoNIC,â‚«5333117,5.235.732
ACCeSSORIES ,SporTS & OutdoOrS ,$373.62 ,â‚«8947638
 bloCKs, elEctRonIc ,â‚«5772409,$238.53 
PhonES,BeAuTY/CARE,1105k,45.85
shoeS, Toyz,â‚«521331,506184000
 MAKEUP ,BeaUTY Care,9739260,$405.70 
phoNES , ELectRoNiC ,1098165000,43.97
BOaRd GaMES, hOme & LiviNg ,8.543.404,8536949
aUdIo,fAShIOn ,5135735,$211.26 
 wearabLes,ELECtRoNIC,â‚«8793617,8745k
 fITneSS,BEaUtY/CaRE,$172.28 ,4054118
 tEaM sPOrtS , tOYz,9752531,$404.89 
sHOEs ,HOmE and Living,â‚«1071601,1031k
 PhONeS,hOMe & lIvINg,6.699.862,6653483000
 HAIrCARe ,BEauTy/cARE ,$194.32 ,4572k
 rC , tOyz ,â‚«6655840,â‚«6645614
rC , bEAuTy/CarE ,3480580000,3392k
 CAMErAs ,tOYS,212.71,5098879000
PHoNeS,HOMe&lIvinG ,2217142000,2175990000
PhoneS, hOME&liVing,811k,768.114
sHoES ,bEaUty/CArE ,151.09,3625k
 Rc ,BeAutY/CAre,6.688.213,$277.09 
 rc ,hOME & liVing ,â‚«7859032,7.813.563
accEsSoRiEs ,fASHOn ,50.49,1170984000
 pHoNES,hoME and LIVinG,â‚«2186468,$87.73 
BoARD GaMes , homE & lIVinG,3426128000,$141.16 
 sKincARE, SporTS-OutdOOrs,5.500.737,â‚«5466472
 KiTCHEn ,eLEctroNIcS ,9901024,â‚«9881528
 lapTopS, FAShiON,153466,114474000
 cyClINg,BeAUTy care,5929k,5919107000
 laPtopS,EleCtROnicS,270.24,â‚«6457270
WEaRaBLES, sPOrts-OUtdOORS ,303910000,â‚«246176
 audIo, ElECtROnIcS ,3745176,$153.07 
deCOr ,electRONiC ,â‚«1057522,â‚«1037983
AUDiO, TOyS ,5636k,5592k
aUdIo ,faSHON ,â‚«4090514,â‚«4042573
 pHoNes,FAShON,109.715,45402
 CLoTHinG , tOYS ,917k,855k
 LAptoPs ,sPorts & OutDOOrS,â‚«5414806,5.412.969
 FitNesS ,fAsHioN ,2542615000,2.526.791
bLocks ,beauTY cArE,$275.43 ,6548768000
 PhONes,hOME aNd LiVING ,5142k,â‚«5091645
 CaMEras ,bEAUtY caRE,4267997000,4.202.965
tEAM spoRtS ,BEAuTy/CarE,$230.04 ,$226.42 
 MakEuP ,hOMe & liVING ,7840404000,7834157000
skiNCArE , FAsHON ,9607845000,$398.66 
 clotHInG,Toys,$25.71 ,536k
CYCLiNG, faShon ,492103,430037
 fitNESS ,bEaUTy CARe ,7.147.448,$296.80 
SHoes, HOME anD LIVinG,4603052,4529742
 PHoNES , BeauTy caRE ,4162719000,$170.32 
AuDiO , BEaUty cArE,350.12,$347.68 
 clEanIng, HOMe & LiviNG,2325365000,2265990000
SKINcARE , fashoN ,$150.76 ,3565k
Team sPORTs,ELectrONICS ,6644k,$275.65 
 fURNitURe, Home AnD livING,3.414.390,3382803000
 dECor , hOMe&livING,2623571,$108.66 
ClOthiNG , BeAuTy/cARe ,4230658,4132328
cyclinG , sportS & OutDoORs ,7993141,$331.90 
 MAKeuP, SPOrTs-oUtDooRS ,8.865.949,â‚«8833167
BoarD GaMes ,eleCtronic ,5379253000,221.71
 WearAbLES,eLEctroNicS,2876k,2.862.133
 mAKeUp , beAUty/CaRE,$311.96 ,$309.99 
kITCHEN , fAShioN ,205681,175k
pUzZlEs,HOME AnD LIvING,2992052,â‚«2967859
 lApToPs, fasHON ,7433669,$305.73 
 pHOnes ,HoME & LivINg ,5836493000,5750190
kitchEn,tOYs ,9558543000,9528365
fUrniTuRE, Toyz,9220k,9184k
 OUtdoor , BeAUtY/CARe ,3850k,3804k
 fuRNITuRE,Fashon,$204.84 ,204.41
 bOaRD gaMES , FAshon ,326.08,7.783.558
 OutDoOR , BEaUTY/care ,1643932000,$65.85 
Furniture , sPOrtS-ouTdOors,2.319.718,â‚«2221674
Furniture , spOrTS & oUtDooRs,385.66,â‚«9200982
 boarD GAmes , ElectrOniC,$150.11 ,3.559.307
 acCessORIes, Home & LiVInG,9668k,9617001
 oUtDOOR , FASHON ,$8.89 ,140k
 lAPtopS ,eLeCtRONIcs ,274.22,272.03
SkInCArE,hoME & LIVINg ,4913438000,â‚«4833457
 ShOEs, Toys,â‚«4248027,174.52
 fItNess,TOYz ,5138578000,â‚«5069625
clEANing ,BeaUty/cAre ,6.994.701,$289.88 
 CycLING , SpoRtS & OUTDOORS,371.01,8808502
KiTcHEn ,HomE AND LIvIng ,5.392.282,5345313000
CaMErAs,ToYS ,56.66,1326471000
RC,BEauTy/caRE,8.489.843,â‚«8410158
 BlOCKs ,electrONIC,5248953,5208644
shoEs,SPoRTs & ouTdoORS ,9625981,9.551.933
shOEs , beAUtY/cAre,$397.31 ,9.532.178
lApTOps, eLecTRoNIC,â‚«9800391,9783770
 blocKs, BeauTY/caRe,4.028.469,$164.88 
shoES , beAUTY/Care,4742311000,194.79
CLotHiNg ,hoMe & liViNG ,â‚«3607420,3.599.186
 cLOTHING , ElEctRONic ,9046868000,8.969.248
 CLOTHINg , Home & LiVING ,â‚«8216466,$338.73 
Furniture ,SPORTS-ouTDOoRs,1414k,1.412.411
camERAs ,home & livInG ,225.68,$225.44 
 phOnes , TOYS,9116797,9.022.682
 skincaRe, sPORtS-OutDOoRS,3.277.990,â‚«3249457
bLockS,ELECTronicS ,$269.88 ,269.22
 WeARAbLes,ELECtrOnics,90.58,2113526000
 weaRABLEs , SPorTs-OuTdOORs,9.397.820,9307k
rC, BeaUtY CARe ,â‚«5639799,5582876
rC,tOyz ,$135.88 ,132.84
boaRD gaMES ,eleCtRoNIC,$97.24 ,$95.51 
dECOR , hOMe And LiviNg ,201.8,4831810000
puzZleS , sporTS-OUTdoORS ,$377.37 ,9038979000
 AuDIo, bEaUty/Care ,$133.48 ,3.194.483
 weArablEs,EleCTrONiC ,5.323.676,5.249.396
cameRaS , spOrTS & oUtDoors,1565566000,1.533.125
 cAmeRAs,ELeCtrOniCs ,408.69,â‚«9742789
 LaPtoPs , BEaUTy/CaRE ,269.18,6370k
 ShOEs , bEAuty Care,4906529,4817k
 cleAning ,EleCTronICS ,6.986.050,6.907.257
 hAirCAre,fasHiON ,8512k,352.05
SkiNCarE,bEauTy/CARe ,9836652,â‚«9812776
 DECOR, ToYs,1415k,58.88
CloTHiNG , tOyz ,158.73,3.741.910
cAmeRaS , hoME & lIVING ,7012844000,289.81
 SkiNcarE,HoMe&liViNg,354.9,â‚«8433484
DEcoR , homE ANd livInG ,2211k,89.73
OUtdOoR ,tOYs,1559222000,â‚«1522059
 fuRnITURE , SPORTS-ouTDOoRS ,1935k,1.919.674
hairCAre ,ELECtRoNiCS ,6544422000,272.05
 FuRNItUre , TOys ,6200025000,6184k
 BlOckS ,fasHIoN ,1.942.966,78.41
 BLOCKs, SPORTS & OUTDOOrs ,8444902,351.15
ACCEssorIeS ,tOys ,4.845.159,197.96
 fuRNITURE, FAsHION ,569285000,â‚«529560
Shoes, FashoN ,â‚«1638156,$65.82 
 fiTNESs ,Fashon,$181.63 ,â‚«4348909
 WeARables ,Home & liViNG,4.773.791,197.42
BOard GaMEs, SpOrts & oUtdOORs,$121.30 ,â‚«2867810
kiTChen ,elECTRONic ,89.94,2072k
 fItnESs,beaUTy cARE,166.01,3.884.626
 SHOEs, spOrtS-outdoORS,$297.20 ,â‚«7053424
team spORts , SPorTS-oUTDOOrS,9234674,9219578000
 auDiO , sporTS-oUTdoORS,143.07,â‚«3421564
bOaRD GamEs , HOME&LiviNG ,$135.44 ,â‚«3230353
 DECoR , fAshON,9.430.081,9.400.679
 bLoCKs, hoMe and liViNG ,1016k,1013691
 shoeS , sPoRtS-OutdooRs,$60.00 ,58.95
KITCHEn ,ELEcTroNicS,4318983,4304k
 AcCeSSoriES, SpoRts-OUtdoORS ,9367908000,9.334.977
 pHones , eLECtroNIC,$257.09 ,6085548
 phoNEs , tOyZ ,184.73,181.83
 WEArABleS,FashOn ,5766k,â‚«5713059
cLOthINg, toyz ,383.8,9.143.290
 CamERas,BEautY carE,7293k,$303.46 
 AcCessoRiEs ,tOys ,367.63,8.791.818
CameRas, SportS & ouTdOoRs ,$224.47 ,5 350 158 000
Audio , ELECTRoniCs ,6.736.313,280.03
CLOThINg, eLectROniCS ,1.347.585,52.55
KiTchEn ,sPorTS & oUtdooRs ,7315823000,7315143000
 pUZzles , HOmE & livinG ,6208915,257.34
 PhoNeS, FaShon ,3276k,3256k
fitnESs ,SpoRtS-OUTdoOrs ,5776675,5736857
 FItNesS,eLECtRonIcS,195.87,4660k
BlOCkS, BeAuTY carE ,2989k,2.940.483
lAPTOPS ,SPORTs-OUtdOOrs,3132367,$128.98 
aCcessORIES,hOmE & LivINg ,4.764.641,4.711.789
TeAM SpoRts , TOyS,7882593000,7880k
 WEaRABLEs,eLeCTRoNIc ,1218480,â‚«1133986
rc,BEaUTy CArE,259.52,6174522
 FuRNiTuRE ,EleCtRONiCs,â‚«6232181,$256.57 
CleaniNG,bEAuty cAre ,298.95,7098532
 lAptOps,homE&LIVIng ,$194.56 ,4650k
 aUDIO ,toYs,1.750.636,â‚«1654536
 Team SPoRTS ,Fashon,$159.53 ,â‚«3804993
 cAmeRaS ,fAShiOn ,â‚«4109039,4012k
phOnEs ,ToyZ ,1678491,1.616.515
bOard GaMES,faShON,2293312000,â‚«2225491
 haiRcARe,beAUTY/cARe ,$43.11 ,1001079
CYcLING,tOyS ,3.088.027,3.040.694
BoArd Games, HOmE&lIvINg ,289.34,$289.28 
Rc, home AND LiviNG,â‚«3401196,3399064
hAiRCARE, HOme & LIVING ,$393.81 ,â‚«9413720
ACcESSoRIes ,Sports-OUTDOors,887.197,â‚«821526
SHOEs, Sports-OutDOoRs,$289.13 ,6938779
 bloCkS , EleCtrOnIcs ,5.139.983,$211.19 
 AuDIO, fashoN,â‚«9334483,9.281.974
Rc ,tOYZ,259k,176747000
 TEAm SpoRTS, ELecTRONIcS,4262674000,â‚«4190179
 OuTdOor , sportS-OuTDooRs,â‚«5027002,4.959.242
 lApTOPS , tOYz ,6291093,$261.46 
cLoThInG ,fashIoN ,4708110,195.83
DEcor , HOME ANd LiVINg,$386.31 ,9242038000
KITCHEN, EleCtRONic ,â‚«7086484,7033k
SkiNCARe, tOYS ,8203708,8184124000
 TEam SpORts,eLectRoNic ,â‚«1500256,58.67
ACCEssORIes ,Beauty/care ,$45.30 ,1.051.884
 PuzZlEs , electroNicS ,8207777,â‚«8192456
 RC ,SpORtS & OuTDooRS,338.35,$336.68 
 TEaM spOrts,hOmE aND LivInG,5332k,5261451
 AcCessorIeS, fAsHIon ,2815787000,114.92
 AccEssORIEs, beauTY care ,1348491,1263748
CLotHing , BEaUtY/cARe ,9048k,375.7
ACcEsSorIES,HoME&liViNg ,8821450,$366.83 
phonEs ,ELecTRoNics,1.127.516,1081712000
bLoCKs , HOME&liViNG ,8749362,8.723.903
puZZlES,ELecTrOniCs ,â‚«4099836,167.34
 aUdIo,eLECTRonIC ,$16.09 ,304k
 phONEs,ELecTROnic,â‚«9537337,â‚«9464177
 WEArabLes , BeAUtY cARE ,5.897.118,5.890.320
 hAirCARe , ELeCtrOnics ,â‚«8477019,8409205
cLotHING,SpoRtS-OuTDoORs ,8843k,$364.81 
 LAPTOps,elEcTROnicS,9992101,9896500
hAirCare ,FASHIoN ,767.799,$28.79 
 LAptoPS ,eleCtROnIC,1.464.915,â‚«1376358
hAIRcARe , ToYZ,302.81,7170936000
 phONes, toyZ ,9486655000,â‚«9476464
 phoNes ,hoME AnD liViNG,2421004,$96.93 
DEcoR ,HoME and livING,8893k,8866845000
CYclInG, sPORts & oUtdOoRs,$245.58 ,5.871.257
lapToPs,ELECtRONicS ,7413k,7402336000
Furniture ,eleCtrOniC ,4658k,4610290
 fURNiture, faSHoN ,5015222,4969k
 cycling,TOyS ,7797431000,324.39
fItneSs,TOYs,123.98,â‚«2969186
DeCoR, TOyZ,â‚«5864605,5818648
 CleANinG,sPORTs-OutdooRs,$187.48 ,4429543000
 HaIrCare, homE&LiVINg ,117k,105.428
Furniture , ELeCtRoNiCs,9060k,376.09
 CaMERaS ,tOys ,8409k,8341274000
 clOtHIng, Home & LIViNg ,$172.52 ,4076350000
CamERAS, eLECTRoNIc ,7909213,326.27
 bLockS , elECTRoniC,7185867,$296.47 
 shOES, TOYZ,9730401,9723385000
CLeAniNG, ELECTrOnIc ,â‚«3343768,3.243.966
 sHOEs ,TOYz ,1216381000,1199383000
AUdIo , fAshiOn ,9.770.992,$403.09 
HAirCArE, HOmE&LiVInG ,â‚«6660877,6589259000
 oUtdOOr, ELectrOniCs ,191.62,190.85
haIrCare , ElECTrONIc,666.416,634.46
 PuzZLES, toys,9982k,$413.71 
 tEam spORTs ,HoME&LivINg ,â‚«6007658,â‚«5977115
caMeraS, eleCTRoNicS ,156.51,3.734.324
auDIo, sPOrTS & outdoorS ,5554748,5479666000
AUdIo ,home And livIng ,â‚«5291023,5221548
CamERAS ,FaShIoN ,49,47.86
 caMerAs ,SPorts-OuTdOors,400.69,397.64
Furniture , BEauty CARE,2699415,112.05
 teaM SPORTs, hOmE aND LIVing,5415545000,5353574
MAkeUP ,bEautY/CARe ,â‚«8848121,8821617
WEAraBLES ,eLECTRONIC,9.354.063,9300498
 RC , ElECTroNIcS ,9697914,9694k
 LaptOps ,ELECTRonICS,â‚«4776102,4.718.820
 AUDIO ,SpOrtS & oUtdoORS ,$346.40 ,344.88
PHoNes , HOME anD LIVING,1000k,â‚«967464
 KiTchen , bEAuTy/carE ,3102103000,â‚«3024082
lapTops ,HOmE&LiVING,9527272,$395.04 
puzZles , sPorTs & OutDOOrs ,7117005000,293.42
 SKINCaRE ,eLEcTRoNICS ,152.4,3.578.921
fitnESS,Toys,â‚«245671,$6.88 
 pHonEs, FaShIon,6761411000,6695k
PUZZLEs,eleCtRonIC ,202.1,4787923000
 PHoNeS, SpORts & ouTDOorS ,7315567000,$304.48 
 wearablES , SPortS-ouTDoORS,1171502000,1.079.582
 RC , BeaUtY/cARE ,51.56,1162517000
 AUdiO,toyz,4980048000,$207.45 
 PhONEs , elECtRONic ,2.945.968,121.34
 rc ,spoRtS-oUTDOors ,6.885.405,6800k
shoes, ELEcTRONIcS,6.164.438,255.37
 kITchEN, ELECTronICs ,65.16,$64.67 
 ClOtHInG, fashON,4913692000,â‚«4831040
 BOArd gaMes,eleCtrONICs ,9328442000,9237k
WeaRABles, HOmE aND livINg ,8738004,â‚«8661745
CamERas , BEAuTy/cARe,â‚«598323,597.367
Furniture ,home&LIVINg ,303.61,7.239.804
Furniture ,bEaUTY/CAre,7616141000,$313.36 
 boARd GAmEs,FasHiON ,22.29,19.25
phOnes ,hoMe & LIVInG ,â‚«3358250,137.26
BOARD GamEs , SporTS & ouTDoORS ,4613k,4.607.354
 ShoeS ,BEaUTy cARE ,2437351000,2.402.071
 fITnESs , ELeCtRoNIc,83.55,1909788
AUDIO,hoME&liVinG ,$181.89 ,4340740
 LaPToPS,BeaUtY/carE,147.23,â‚«3508799
MakEup ,fashon ,90.39,2116k
weaRAblEs ,HoME and LIViNG ,9772492000,9.675.394
fiTNESS,EleCtroNiCs,855793000,837323000
 bLOckS, SpoRtS-oUTdoORS,367.84,366.94
TEam sPoRtS,SPOrTS & outDooRS,â‚«74329,â‚«1000
 cYCling , HOmE & LIVinG,$191.96 ,4512281000
cLOthiNG,FAsHION ,5.504.131,$225.33 
laptOps , fAShioN ,128.36,3.007.414
PhoNes, EleCtroNIC,â‚«8628591,8619k
 CyCLINg,home & LivinG ,9292930000,9239308000
 camEras, tOyz,$162.88 ,$159.22 
 TeAM sPORtS , bEaUty/CarE ,308.94,7361088000
 LaPTops, hOmE&lIvING,2682912000,109.28
 LAPTops, home&liVInG,2405k,2380233000
deCOr, tOyS ,8136321000,â‚«8120599
laPTOps,ELecTRONICs,$205.71 ,$201.64 
 aUDIo ,bEAutY cARe,285.48,6770657000
oUTDOoR,elecTrOnICs,7996404000,329.7
 haIRCaRe ,SPoRts-OUTdOors ,6804258,â‚«6790385
ACCEssORIeS,fAShIon ,5643571,5.565.585
KITcHeN, eLectroNIcS ,9621k,$396.96 
PhOnEs ,HoMe&LiviNg ,133.29,129.56
 cLothIng,bEAUty CaRE ,$270.31 ,6395797000
 phOnES , BeaUTY CARE,9338k,9299644
Furniture ,HOmE AnD lIVInG ,9407612000,9328824
cYCling, elEctRoNICs,3251278000,134.03
OUtdooR,SportS-OutdOors,291.12,â‚«6935574
Audio , SpOrTS-outDooRS,8933151,$370.03 
Furniture , bEAuTY CaRE ,341.76,8.148.839
 FURnitUre , beAuTY cARE,8852616000,367.91
 HairCarE ,Home AND liVinG ,322.02,7655736
board GAmes , elECtRONiCS ,â‚«8666750,â‚«8590000
aCCessOrIES , HOme&livING,6.576.779,6563333000
AuDiO , hoMe&livInG,$310.63 ,$309.45 
makEup ,HOME&liVInG ,56.75,55.89
bloCkS ,hoMe aNd lIVing ,4993k,4.977.552
aUdIO ,BEAutY CAre,â‚«9385496,9362545
bloCkS,eLectroNicS ,1.842.789,1.822.186
Decor,ELeCTroNICs,4196136,4.116.796
 SKInCARE , FAshON ,6622k,6535635
CAmErAs, elEcTrONIc,3.423.958,$142.18 
FurNiTurE , fAsHon ,$302.79 ,7247676000
 wEaRaBLes,eleCTRONIcs ,4643k,4626k
 weARAbLEs , elecTROniCs,$337.82 ,â‚«8100430
 PuzzLEs ,HomE & LIVInG,6975732,$287.65 
 teAM SportS,SPorTS-OUtDoOrs,4936137,4.864.784
cAMeras ,EleCtRoNicS,6.468.176,$267.05 
 ShoEs , eLeCTRoniCs,5388871000,â‚«5317112
 lAPtoPs, FAsHiON ,148k,$4.96 
 KiTcHEn, eLECTRonics,$225.42 ,â‚«5384599
 lAPToPs ,BeautY/CarE ,1800920000,1792k
RC, toYS ,9113k,9053052000
 PHONes, SPoRtS & OuTDooRS ,7.794.777,7737532
 ClOThInG, hOME&liVing,206.84,4948k
PuzZLeS,hOme&lIvinG ,1689982000,$67.19 
Furniture , HoMe AnD LiVIng ,$313.15 ,$313.00 
 BlOcKs ,BEAuTy/CaRE,$258.10 ,$255.29 
 kitchen , eleCtRONIcs ,120.765,56.65
auDiO ,BEAutY cArE,$389.06 ,$389.03 
dECOr , EleCtroNICs,222054,162212
 Rc ,eLeCTronicS ,9355929,388.12
 pUzZles , beautY Care ,â‚«2020788,1987109
 AuDio ,eLECTrONIcS ,300.62,299.26
rC , sporTs-oUtdooRs ,1897976000,75.14
aCcEsSORIeS,fAsHON ,103866,101.47
lapTOPs ,HOmE & living ,3185126,â‚«3086066
 sKinCaRe, sPOrTs-oUtDoOrS ,$257.63 ,$254.00 
clOThING , BeAUtY/CaRE,$361.58 ,8620024
cycLInG , toYZ ,$180.09 ,4268k
ShoES ,beaUtY CARe ,9347036000,387.7
 PhONeS ,FaSHIOn ,9.18,$8.99 
 DECOR,Fashon,1856013,1829130000
 cYCLiNg ,FaSHiON ,1.615.410,1605268
 AcceSSoRIes ,eleCtrOniCs,2088297000,â‚«2018869
 clEanIng , bEAUTy CaRe ,$263.34 ,6248817000
 caMerAS ,ToyZ ,1896k,1882267000
 kiTCHen,fAsHon ,$43.66 ,41.26
phONES,ELEcTRoNic,169.84,$168.56 
 KiTcHEN, HOMe and LiviNG ,5891999,244.71
clEanING,tOyZ,$301.14 ,299.98
 PUzZLes ,TOYz,6522k,6444k
 CaMERAS ,FASHON ,5.436.401,5409k
LaPtoPS ,eLECtROnIc ,1992606,1924k
 HaIrcAre,BeautY/CaRe,6470500,6373421000
 WeaRAblEs , ElEcTroniC ,139.22,135.96
ClOThING, SPOrtS-OUTDOORs ,4422k,184.15
cAmErAs ,ElecTronic ,266.56,$262.82 
 auDio , TOys ,781.557,$30.26 
PUzzLes ,elecTrOnICs ,â‚«3499030,â‚«3415214
sKiNcAre, TOYS,5188k,5114833000
 WEARABLeS,BEautY CARE,44.05,â‚«1010947
 board gAmes ,hOmE ANd lIVing ,2.568.169,105.25
HaiRcarE, ELECTRoNiC,â‚«1928403,1875742000
 fURNitUre, SPoRts-OutdoORs ,150.18,3537112000
 laptOPS , homE & LiVinG ,$149.74 ,3545k
SKiNCarE,FAsHoN,7444929000,7376284
 weArAbLes ,FaShIon ,60.54,1.434.392
PhoNeS , ElEcTRonIc ,$361.69 ,â‚«8590864
 shoeS ,FAShOn ,$317.42 ,7522k
ClOthING,Fashon,â‚«2420699,â‚«2414938
 mAkEUP,eLEcTROnICs,838k,743.625
 oUtdOor, ELECTrONiC ,â‚«1687654,1623583000
 SHOEs , ELEcTROnic,â‚«3566628,3.490.411
makEup,beAUTY/cArE,247435000,165k
 BLoCkS, hOME AND livINg,1704k,1.627.583
 BoArd GAmEs ,SpORTS-oUtdooRs,396.81,9437862
PhOnES,home&liVING,7965998,7941k
 bLOCKS, HomE AnD LiviNG,1.883.019,1840379000
 CleaNInG ,hOme&liviNg,5762527000,237.96
 FiTnEsS, fAsHiON ,4122k,4109514000
 fITneSS , FASHOn ,84.387,0.64
WeArABlES,eLEcTRonIc ,3.019.977,2943150000
CyCLiNg ,SpOrts-ouTdoOrS,6056k,249.08
sKInCARE,FASHIon,â‚«3183241,â‚«3145007
 bLoCKS, FAShiOn ,â‚«6190277,6184k
 PhONES ,hoMe&living ,7.958.739,7918636
 mAKEUp,beaUty cAre ,$164.06 ,3.934.206
 pHOnES, eLECTROnICs,â‚«7479777,7476k
 lapTOPs ,fAsHON ,$78.10 ,1.789.962
 clOTHING,eLEcTrONICs,$72.93 ,70.98
 WEaRaBLeS,FashOn,139.79,3.306.322
 PHoNES,BEaUty CarE ,8264k,8172710000
fuRNIture, hOME&liViNG ,$195.53 ,193.79
 sHOeS,ElECtRONiCS,7192380,7128349
CleaninG,Fashon,41.37,â‚«981542
KitchEn ,hOme AND liVinG ,6.608.978,272.39
tEaM sPoRtS,eLecTROnIcs ,â‚«8348792,8322394
 DEcor, HoMe&LIVIng,$268.13 ,â‚«6347508
 weArABlES ,FaSHoN,1685k,1638587000
 cLoThiNg,ELEctrONics,801k,$29.57 
 pHONES,FAsHIOn ,5555231000,5456k
 phONES,fAsHiON ,174.2,â‚«4102795
rC,elEctRonIcS,6.281.673,6250725000
CAmeras , beAuTy care,347.51,347.15
 KITchEN, elEcTronICs,8.678.927,8637953
Furniture , ELECTRONics ,181.01,4283714000
clOTHINg ,bEauty caRE,9751602000,$406.05 
 BlocKS,SPorTS & oUtDOorS,929883000,843105000
 acceSSORiEs ,sPoRts & OUtDOors ,3579305,147.94
CamErAs, Fashon,5551213000,228.75
SkinCARE,ToYS ,6984k,6.901.019
TeAm spORTS,eLEcTrOniCS,250.17,6003531
 phonEs ,FAShION,2.592.035,â‚«2575272
 MAKeuP, FashIon,9620220000,â‚«9575866
fITNEss, elecTroNICS,3806424,3.776.914
BoARD GAmeS, beAuty/CaRE,$234.26 ,5528k
sKincaRE , elECtRoNIC ,$79.42 ,1862147000
DecOr , TOYZ,255.41,252
oUtDoOr, ToyZ ,4.779.400,199.07
furNITUre,fAShiOn ,$384.43 ,9216k
 kItchEn,fasHioN,5.267.262,219.13
PUZzLES,FasHon ,â‚«709545,â‚«697167
 aCCessoRies,ElEcTRonIC ,334.95,â‚«8021525
 CAMeraS, beAUty CaRE ,5494959000,$228.61 
HAirCarE,FAShion ,19.44,â‚«378313
 ClOthInG ,TOyz ,â‚«5584432,$231.97 
 fUrnITurE , fAsHON,3803776,3789k
 FuRNItURE, FasHOn ,4371050,4.369.946
 PHoNes, fAsHOn ,6.835.683,283.89
bOArd GameS , sPOrTS-OUtdOORS,3295105,3284282
BLockS, SporTS & ouTDOOrS,$36.50 ,$35.79 
 CAmerAS, ElecTrONICs,6982017000,6883562
AUdIo,tOYz,7.387.079,7.330.906
cYcLInG,FAshon,6307270000,â‚«6233227
 FURnItUre ,SPOrts & ouTDoOrS ,5458k,225.4
 TEAM spORtS ,EleCTRoNIC ,4.562.476,187.24
 WEaRaBLeS, spORTS & OUTDoORs ,7164473,7.098.762
 lapTOPS, eLecTronics ,134.14,3136377000
audIo,sPoRts & outDoORS,$315.51 ,7549501000
HAIRCArE,HOMe & liVING ,4460k,4420275
Rc,FASHOn,766969,688027000
 Rc,eLECtRONics ,4.842.861,4788214000
LAPToPS , home&lIviNG,1424102000,1357736000
CYCLInG ,eLEctronic,4388835000,4.345.826
 WearABlEs ,ELeCTRoniC,â‚«9324821,9.264.016
 cLeanING , sPOrts-OUtDooRs ,$187.81 ,4447k
TEAM sPOrTS, spORtS & ouTDooRs ,3343670000,137.11
rc,fasHoN,7232k,$300.82 
 CAmErAS ,eLECTrONics ,â‚«8113830,8027964000
WEaRAbLes ,ToyS,25.81,â‚«530176
 LAPtops, ElECtRonics,413.96,9893573000
CAMERAs ,eLecTrOnIC ,â‚«4275325,4193749000
 MaKEUp,tOys,$114.39 ,$110.81 
 pHonEs ,SPOrTs & oUtdoORs ,7093329000,$291.73 
 Rc,TOYz ,3626712,$148.55 
WEarAbLes, SPORTs & oUtdOors,â‚«7883462,7848136000
ShOes,TOYS,2785408,â‚«2697334
 DECoR,beAuty/CaRE,1.023.060,964665000
pUzzlES , beAUty/care ,8.006.321,7959412
clOThinG , FaSHIoN ,â‚«8476148,8379696
 PhoneS, SpoRTs-OuTdoOrs,â‚«4844237,4802k
hAiRCarE , toYs ,3198k,$130.50 
 pHoNeS , HoMe ANd LIVinG ,7557680,7496k
aCCEssOrIES , ElEcTronicS ,8245453000,8208225000
 accEssORieS , homE AnD LIvIng,704.408,686.471
BOarD gamES , eLeCTROnICS ,4130167,4055106
sHoeS,sPORtS & OuTDOors,â‚«5148817,5085462
 AuDiO,hoME & livinG,1438192,1427k
pHones , Home & lIvINg,$216.10 ,5110k
aCcESsoRIEs , eLecTrONIcs ,$80.92 ,1902k
fitnESs ,FAsHion,â‚«4458338,â‚«4452024
fItNEss , HOME & LivIng,$141.96 ,139.51
 CamERAs , ElecTroNIcs,124.1,120.14
DEcOR , ELECTRONIC ,8613839000,8580994
cYClING , ELeCtronIcs ,7538k,7486352
oUTdOOr,eleCtrOniC ,$92.96 ,2173483
accEsSoRIEs, hoME&LIVinG ,$37.85 ,$33.72 
 CYClinG , BEAUty/cAre ,3436800000,139.56
 PUzzLES ,sPORTs-ouTdOOrS,â‚«8282203,8.225.826
 cLOThIng ,electRoNic ,196.82,4705k
LaptOPS ,hOme And LIVINg,31.08,30.83
 CleANING , eLeCtRoniCS ,284.55,6791k
 LapTOPs, hoMe anD lIVinG ,396.59,9495046000
DecOR , bEAuTY caRe ,5952994000,244.12
 FItnEsS ,sPorts & OuTDooRs ,1295809,1235307000
oUTDooR ,elECTRoNIcS ,â‚«2872204,$118.62 
cAMeRAS , ELectrOnIcs ,7548k,7497057
Furniture , BEAutY/CarE,0.87,â‚«1000
 boaRD gAmEs ,SpORTS & OutdOorS ,171.84,4064k
mAkeuP, home&LIvinG ,$120.68 ,2.816.176
PUZzles ,TOyZ ,$379.20 ,9.025.722
 outDOOr,Fashon,395.37,393.34
 weARabLes , ELecTronIC,274.74,$271.82 
 WEArAbLes, sporTs-outDooRs,â‚«9443814,9350k
PHoNeS ,beaUty care ,5402k,223.65
kitCHEN,Fashon,272.16,$272.07 
 PHOnES,FashoN ,8871050000,$367.81 
 AUdio , FAsHoN,2943076000,2887095
 PuzZles ,sporTS & oUtDoORs,2.926.994,2875963000
lapTOPS, sporTs-oUtdOORs ,â‚«1502791,1.479.333
auDio, ElECTroNICs,6074672000,6026k
 PhoNEs, BeauTY/cARE,6193461000,â‚«6166199
lAPTopS, eLEctronICS,119k,4.54
 bloCKs, ElEctROnic ,$208.26 ,4984k
 BlOcKS , ToyS ,$380.14 ,9.031.453
 SKINcarE,beauTY CAre,2180k,$90.38 
camEraS , eLECTrOnICs,3.186.831,131.62
AudiO, ToyS ,$334.43 ,$332.71 
MAKeuP,elECTRONicS,2.749.521,2662441000
oUTDoOr , ELectrOnicS ,164.73,3898438000
pUzZles, ELECTROnICS,8.924.329,â‚«8873567
 phOnes , ElECTroNicS ,9958261,$413.07 
clothiNG , ToYz ,3611523,149.23
 WeaRablEs ,BeaUTY CaRe ,â‚«3839667,â‚«3816911
 FITNEss,homE & LIvING ,9964646,9941k
HaiRCARE,HOmE & LIVinG,$151.66 ,3540840000
 cLOTHiNG,SpOrts-ouTdoOrS ,1047416000,$43.27 
 HaiRcaRE ,eLecTRONICS ,$304.56 ,7259k
 sHoEs,eLeCtRONIc ,â‚«1892679,â‚«1820201
 AUDIO , faShION,$231.11 ,â‚«5511473
clEaNiNG ,elECTRoNic ,78.04,75.88
 laptOPs, FashoN ,$262.36 ,262.14
 lAptOps , hOme aND LiVinG ,6.870.694,â‚«6870042
 blOCks ,eleCTrONiC,6597k,$273.42 
 TEAM spOrTs ,BEauTY/CaRE,4156k,â‚«4062758
fiTNESS , ToYz ,210.02,â‚«4989568
 bOARd gAmEs , bEaUtY CarE ,7440k,7416593000
HAIRCare, sPORTs-ouTDOORs ,219.93,â‚«5232538
phONES ,tOYS ,2491k,â‚«2440843
pHones , HOME&LiVing,â‚«369784,$13.11 
 aCcessoriES , SPORts & ouTDoOrS ,9584993,â‚«9543887
 pUZZLES , TOyz,4.240.235,4203k
LAptoPS,ElectROnICs ,â‚«3390072,140.86
 ClotHInG,hOme AND liVINg ,$333.80 ,7958905000
 teAm SpOrTs,spORtS-oUtdOOrs,$124.40 ,$123.91 
 cYCLinG , HoMe and lIvIng,315.39,$313.82 
 bLoCKs ,toys,6338k,6249864
 cLOthiNg ,eLeCtROniCs ,3939435,â‚«3898604
 HaircARE , hOME & LivING,3799k,3743k
 LapTOPs,BEAUTY cARe,3.542.757,3460k
 dEcOr ,hOMe & LIViNG,414.55,9850746000
FURNiTure, hoMe & liVing ,3.053.437,124.58
PhONes, ElecTROnICs ,3883148,$160.91 
skINCARe, FAShIon,â‚«31010,1000
 Team SpOrTs, spoRts-oUTDOORs ,5.129.739,5.123.190
 RC, bEaUTy cARe ,5546675000,5511881
 haircare ,hoME&lIviNg,6.979.173,6931k
OUTDOoR,eleCtRONics ,$10.69 ,8.45
ClOThiNg , hOmE aND Living,258.27,254.78
 BOaRd GAmes,fasHON ,4185689,4103572
skIncarE, toYS,$130.53 ,3102158000
 pHONEs , eLeCTRONICS ,1074522000,43.95
 CAMERAS,BeaUty CAre ,1626193000,1.571.671
 SKInCaRe, HOME&LIVInG ,8381601000,8.361.184
PHoNes,TOyS ,1301745,1280723
 BlockS , fASHiOn,6490495,269.97
 phONES , bEaUTY/cARE,5316929000,5257997000
LaptopS ,EleCTRoNIcS ,5851k,5.775.969
 pHoNeS, eLECtrONIcS ,â‚«222057,177964
 BOaRd GaMES , ELecTROniCs,7741145,322.4
accESsoRiES , ElECTrONiC,â‚«5980077,5942545
 DeCor ,TOyz ,â‚«3653502,3592285000
 blOcKS,fASHon ,203.7,200.6
aUDIo,SPoRTs & ouTdOoRs ,$286.82 ,â‚«6809908
 mAKeuP ,hOMe & liVIng ,388k,347k
weArabLEs,BEAutY CAre ,194.19,â‚«4659432
 sKIncAre,ToyS ,$221.50 ,5233217000
 CAMeRas , spORts-OUtDoORs,282.11,6.686.915
 rc,ELEctRoniCS,â‚«3902384,3860k
 aCCeSsORiES ,fASHon,4.364.819,4.344.058
pHONEs, ElectRonICS,398.69,9.544.802
 rC , BeaUTy/cArE ,4210k,4134987
 bLoCkS,faSHIOn,235.6,5558k
 cleaNINg ,fasHoN,$59.64 ,1344k
 haircARe, beAuty/cAre ,$223.06 ,$219.46 
rC,bEAuTy cAre ,1709499,â‚«1680562
CleaNING, BEaUTy/CARe,4102k,167.73
AUdIO,bEauty carE,8357k,8268780000
 FurnItuRE , BEAuty Care,943k,910708000
kiTChEn, BeAutY/CARe,286.44,282.47
acCeSSOriEs,elEctrONiCs,4858847000,4.845.730
Furniture ,TOYz ,2.047.880,$82.63 
cLothINg ,SPORts & OUtdoorS ,3392325,3.341.009
PHoneS,eLEctROnIcS ,7578k,7479k
BOArd gAMEs, eLeCtRoNicS ,329.36,7808541000
lAPTopS,BEauty cAre ,1.763.175,69.59
kITChEn,FAshoN ,3622197,149.56
lAPtopS ,BEauty cAre,1697595000,70.56
AcCeSsoRIES, ELeCtROnIC ,298.31,7100034
 fURniTure, SpORTS & OUtdOoRs,5.935.390,5882615000
MAkeUP , ElECTronIcs,387.48,9.222.895
pHOnEs,beAuTY/CArE ,6805434000,6718k
 LaPtopS ,HoME aND LIvinG,1653252000,65.88
PHoneS, ElectRonIC ,2269k,2268094
 FURNiTuRe, tOYs,384k,309k
kItCHen,ELeCtrOnICs ,526624000,491.512
OuTdOoR,elECtroNIcS ,$264.62 ,6314k
 SkinCaRE ,spoRts & oUTDOors ,â‚«7790409,$322.39 
FUrniTuRe,toys,$42.74 ,â‚«947548
 RC,ElECtroNICS ,8.930.689,368.85
Furniture ,SPoRts & OUtdOorS,9519k,9448k
 Board GamEs, hOME&lIvINg ,8706217000,8.700.063
PUzzlEs , fAsHOn,6338062000,â‚«6264776
weaRAblEs, ELecTronIcs,7733473000,$322.19 
KiTCheN ,BEAutY/CAre,134.21,â‚«3141432
 PHOneS, ElECtrOnics ,3.298.164,135.41
 MAKeuP, HoMe&LIving,9928648,9.836.934
teAM spORTs , hOME&lIviNg ,167.43,â‚«4008965
Furniture , Home and LivINg ,â‚«9370909,â‚«9298878
rc,hOme AND lIVINg,5401k,5376939
FuRnitURE ,SPORTS & OuTDoOrS ,6.140.398,252.98
WeARabLes ,BEauTY cARe,2.466.683,2453k
WearABles ,home&living ,$297.52 ,7123792
 HAircArE,FaSHIOn ,â‚«4365580,178.92
 CaMEras,SpORtS-OUTdOORS,$255.42 ,6122520000
puzZLEs , beAUty care ,â‚«9677534,$400.62 
 cycLING ,toyz,183.75,181.47
 FuRNITURE,HOmE & lIVinG ,$141.58 ,3386k
 WEaRaBLEs,tOYs,4233957000,4.167.923
AUDiO , TOYS ,â‚«754380,745848
 LaPtOPS,tOYZ ,$271.20 ,6.470.567
 laPtoPs,hOmE And LIving,â‚«7118932,7066814000
Furniture , BeAuTy/cAre ,â‚«8551489,8.481.065
 oUTDooR, fasHON ,6375139,6278k
 Rc,Home And LiVINg,6351352000,6323k
 blocKs, elEctroniCs,8774k,8750432000
 oUtDoOr ,toYS ,701592000,622292000
Furniture , FASHiOn,3726958,3.643.773
 blOcKS , SPOrTs & OutDooRs ,4477388,4450k
 rC, homE & LIVinG ,1253k,1165k
PHoNES, bEAuTy CARe,9691188000,9658829
BOARd GaMeS, hoMe & LiVING ,4597398,$188.93 
WeARAbLeS, beauTy CarE ,3061325,3006497
 cAMErAs ,fashiON,277.03,$274.70 
KItChen , BEautY CArE,1438525,1434k
Furniture , tOyZ,5401034000,5307209000
TeAM SpORts , TOYz,1731053,1.678.091
 laPTops ,sPorts & OuTDOOrs ,1.122.155,1088739
teAm SpOrTS ,ELECtRONICs,8.429.730,â‚«8356730
 audIO , TOyZ,â‚«3579521,3483k
 boarD GameS, bEAuTy caRe ,333.82,8002370000
LAptoPS ,HOme & LIvING,â‚«7383818,306.67
tEaM sPORts,electronIcS ,8461407000,349.73
 AUdIO , beAUty Care ,â‚«8223105,8181357000
 SkiNCARE, ELectrONiC,3658k,$151.63 
clOthing,elecTRoNIcs,126.681,79.27
 fitneSs,ELeCtrOniC ,7367k,7300659000
AUdio,tOyz ,â‚«9965157,412.44
rc , beaUtY CARe ,â‚«4799691,4770k
 cAMeras , toys,2.092.729,2078k
 puzZles , sPoRts-OuTDoORs,214.57,5064k
SkINcare , EleCTrOnicS ,3.086.467,3.045.705
 CAmErAS,eLEcTRONIC ,5622639000,5591369
fITnESs , HoME ANd LIvInG ,1130412000,1096k
CleANING , ElECtRonIc,281.73,6759k
 aUdIO,HomE&LivInG ,101.83,99.44
 boaRD gAMes , SPORTS-ouTdOORs ,3088150,3064232000
FurNiTurE,bEAUTy/caRe,407.83,9772865000
CYclInG, eLECtrOnic,â‚«9028095,$372.29 
cLOthINg,SPorTS-OutdOorS ,$343.69 ,8150418000
ShoEs, tOys,$134.68 ,3190490000
 kiTchEn,SpORTs & oUtdOoRS ,93831000,81k
 decor ,Home & lIvING ,773950,753.416
 SkINcare ,tOYs ,2396217,â‚«2386798
lAptOps ,elEcTROnICS,6964k,6.876.369
PhoNES,hOME aNd LIVinG,â‚«8357236,8.339.546
weaRAbles,toys ,$119.74 ,â‚«2816960
 CloTHInG ,HOMe&LIVInG ,25.93,$22.08 
 TEaM SpOrTS, HOme & liviNG ,9.819.935,405.45
DECOR ,eLEcTroNic ,$407.14 ,9759315
 AUdio, elECTRonic,6.021.291,â‚«6014754
sKINCARE,home&LivIng,659995,644251
 DeCOR,FaShIOn ,7804k,â‚«7796454
 acCESSOrIEs, tOyZ ,4.611.866,4583k
 TEAm SPORTS , BeAUTy/cARE ,â‚«6226659,257.55
 sHoeS,TOyS,$290.28 ,6869946000
WeaRaBleS , sPOrtS-outDOOrs,â‚«3633762,148.62
wEAraBleS ,tOYZ ,6585276000,6546422000
CleaNIng ,elecTROnIcs,3804965,3794043000
 lApToPs, sPortS & OutdOorS,251.11,â‚«5964351
Audio, ToyS,9410955000,9394027000
 Shoes,elECtrONICs ,â‚«6253255,6.199.570
 FurNIture , homE&lIviNG,309.7,â‚«7370052
 pHoNEs , BEauty/CARE ,9738039000,9.684.571
 clothING, FasHON ,72.87,1683718000
CAMERaS ,sPOrTS & outDoOrS,â‚«5791177,$239.43 
 OUtDooR , ELECTronicS ,473633000,379242
 teaM sPORts ,hOMe&LIvInG ,$207.18 ,4966734000
 aUdIo ,spOrTs-oUTdOoRS,2677k,â‚«2669973
 BOARd GameS, hOmE ANd LiviNg,1635k,1543k
FiTnEss , ELectRonIcs,1.210.705,1.155.703
 puZzles ,elECTRoNiC ,6511497000,6477012000
 Team SPOrts , BEAutY/carE,8342936000,8296920000
 sKincARe,tOyz ,7920k,7877k
SkiNcare ,Home AnD LIving ,5524053,5460916000
bOArd GAMeS , homE & LIvInG ,91.39,$90.89 
 audIO ,bEaUTy CArE,1.043.605,955k
 PUzZLEs,ToyS,4181195000,4.089.404
 weARABlES,beaUTY CARe ,398.26,9466105000
 CamERas, faShon ,â‚«2164913,2119465000
audIo , bEAUTY cARE,$287.41 ,6834773000
 fItNESs , homE&LiVing ,8676k,â‚«8631430
HaIRcare, tOys,â‚«7711250,7624490
FuRNITuRE , HoME & lIving ,134.93,130.95
cLEANING ,spOrTs-OUtdOoRS,$321.70 ,7692189000
audio,SPORTS & OUtDOorS ,$75.69 ,72.12
rC ,BEAUTy CaRE,7639626,7.584.952
 Audio , FASHON,2.749.045,2725275
caMEraS ,HoME AND liViNG ,$204.28 ,201.47
 kitcHEN,eleCtrONiCS,158.19,3776370000
rC , hoMe aND lIvIng,8372498,8310632000
cAmERas ,Fashon,9551590,$396.35 
cAmERAs, HOME&lIvinG ,â‚«1930376,1872608000
 camErAS , hoME aNd LivInG ,2.486.768,2406k
 oUTdOOr,BEAUty CAre ,6.899.921,286.57
wEarAbLEs ,FaSHon,5043k,4975695
haIRCaRE, hOmE AnD livIng,8.55,107.081
CAmERAS,ElEcTRonICs,â‚«8907288,$368.57 
cAMeRAS,homE&LivING ,3415k,$139.50 
 FuRNITURE , toyZ,1433989,1367k
 auDio ,BeaUTy/CArE ,8139842,$336.13 
 WeARabLEs,hOMe & LiVinG,1341777,1318271
DECOr ,toYs ,3465269000,â‚«3424406
 skINCARe , HOMe aNd LivINg ,5600609000,5506540000
 aUdio, hoME&LiviNG ,923107000,35.84
 aUDIo ,eLEctROniC ,4044636,167.42
PuzzLeS ,HomE&liVIng,â‚«6554840,6493212
 boARD gAmes,SPOrTS & oUtDOORS,3476k,3396227000
BoARd GAmES,SpoRTS & oUTdooRS,396.27,9432k
 clothINg ,Home&liVINg,6.952.550,286.87
 skinCaRe,Fashon,38603,31k
LaPtopS,hOME&livING,4530798000,â‚«4469982
 WeARableS, toYS,5595216000,5552495000
board GamEs,sporTS-OuTDOOrS ,â‚«9454495,â‚«9357778
caMERas ,bEAUty cARE,1383k,1339997
pUzzles , toyZ,3.098.118,â‚«3062503
 sHoeS, ElEcTrOnic ,4.816.963,$199.36 
cLEANInG,sPOrTs & OUTdoOrS,â‚«5031944,207.16
 pHoNES,ELECTRoNicS,$352.64 ,8444k
PUzzles ,eLECtrOniC ,386.38,â‚«9208540
 sKincaRe,toYs,3308373,3299k
cYClInG,HOMe&LIVInG,104,101.12
 shOEs, SpoRts-OUTDOors,1162k,1133083
CaMeRAS , eLeCTRoniCs,$68.84 ,64.72
WEARAbLes , sporTS-OUTdOoRS,4002156000,165.47
camERas , sPOrTS-oUTDooRS ,4209403,4130384000
WeAraBLeS ,eleCtRonIcs,9063386000,9.039.940
 CAmERAS ,Fashon,$343.03 ,$340.39 
 sKiNCARe, elecTRONIcs ,2.588.609,103.91
PUzZlEs ,ELeCTrOnic,â‚«3555729,3535416
 maKeUp , SpoRTS-outdOoRs ,337850,327035
 MAKEuP, eleCtRonICS ,3099418000,$127.80 
wEARAbLEs ,elEctRoNICs ,8945219,â‚«8869246
 FURNItUrE , BEaUtY/CArE ,3230805,3181869000
phOnES,beauty cARe,$261.04 ,6186151000
 phoNes , homE and livINg,5722627000,5721k
clOThInG ,FaSHoN,6901k,$283.95 
ShOeS , FAshIOn ,7148104,$297.53 
dEcor,ElECTROniCs ,6203k,6138k
bLoCKS,SpoRTs & OUTDooRS ,4741k,4.713.652
 PUZZLES ,fAShIOn,2.024.582,â‚«1930969
Furniture , BEauTY/Care,â‚«1377177,1282793000
ShoES, Home&lIvING,3802001,156.84
wearABLes, BeautY caRe,8.637.181,8608k
rc, FAsHoN ,9.938.122,$413.70 
sKincARe ,sporTS & oUtdoOrS ,â‚«882563,805k
Furniture ,eLECtrOnICS ,3.994.323,3908k
 clEAninG ,BeAUty CAre,695k,638.381
KITcHEn ,fAShIon ,2.629.643,2581k
furNItuRe,ELEctRONics ,7504237000,â‚«7458845
 aUDiO , BEaUTY/CaRe ,â‚«9620587,9533327000
weArablEs, HOmE & livinG,$173.03 ,4108392000
 lAPtoPS ,eLEctRoNIC,330.24,â‚«7859780
CameRaS,Fashon,â‚«6612894,$273.34 
HAIRCare, tOYs,9870k,9823k
 wEArABLeS, TOYs ,285.65,$282.71 
ShOES,homE & liViNG,3.521.841,144.18
 LapTopS,beAuTy/caRE,1227487,â‚«1179624
rc ,faShON ,1235079000,â‚«1154204
WearabLeS ,TOYs,â‚«5449790,$225.03 
 HairCaRE ,hoMe&lIVING ,366.6,363.76
 kitcHEN, eLecTronIcS,1.556.744,61.38
outDOOr ,ELecTRonICS ,181.58,4291718
FuRNitURE, beAutY/CAre ,6952945,$286.79 
 MakEup,TOyz,203.07,â‚«4838096
pUzZLEs ,fASHiOn ,8.969.781,8951347000
TeAM SpORTs ,FaSHON ,262.23,6259815000
 pHoNEs ,SPoRts & oUTdooRS,327.26,7.804.783
sHoES ,TOyz ,7523k,$311.77 
 phoneS ,EleCtROnic,9919086000,410.11
Furniture , BeaUTy/cARE,478.684,19.78
 bOard GAMES , HomE&LIVing,6598252000,$272.39 
 WEARAbleS,FashoN ,9544022000,â‚«9472882
SkINCare,BeAUty CArE,5617137000,$230.78 
 sKincaRe , FAshIon ,332.8,$331.17 
 BLOCKS ,HOmE&LiVIng ,1559k,1555321
bloCKs, bEaUTy cARe ,3.722.927,3630k
wEAraBLES ,FaShion,â‚«471487,377.021
furNitURE , hOmE And LIViNG,244,$243.18 
CycliNG ,ElECTROnicS ,â‚«7025489,7007642
cLeANing,HOME & lIVIng,7.148.712,7077065
cAMeras,Fashon,â‚«7112482,7069k
 ShOES ,beAuTy Care ,$23.45 ,$22.44 
 TEAm SpORTs ,eLecTroniCS,â‚«7086055,7057910000
 cLOthing , beAUTy/carE ,8091533,8.010.921
 dECor,FAshIOn,â‚«5359249,$221.20 
 CYcLINg ,HOmE & lIVinG,â‚«8895078,8.836.540
FurnitURE, TOyZ ,559.315,524996
PhoNes,fashON ,$105.44 ,2465294000
 BoArD GaMeS ,ELecTRonicS ,238.6,235.49
PUZZlES , beAuty cARe ,9465498,9.397.038
 FItnEss ,eLecTrOniCS ,â‚«2301449,â‚«2267659
Furniture , HoME & LIVINg,â‚«9787113,407.4
 cYCLInG, hOMe & LiVInG ,55.86,1266371000
 kitCheN,ToYS,936118000,857.854
 BOArd gAMeS,FashIon,1220748,1140k
 acceSsoRies,HOmE & liviNg ,â‚«3358674,136.44
 aUDiO,homE&LIViNG ,2880k,2803k
 mAkEUP,elECtrONiCs ,6207952,6118k
 LaptOps , ELeCTrONIcs,$140.05 ,3312k
RC, eLeCtRONics,3.672.164,3.648.596
 PuZzLES, home & LivinG,5859727000,5792k
DecOr ,SPOrTs-OutDOoRS ,$353.32 ,$352.95 
 PUzzLES,eLectROnIcS,3566466000,3.555.250
audiO,sPOrTs-outdOoRs,â‚«5267646,â‚«5264432
 skINcAre ,beAUTY cARe,2909037,$117.90 
BlOcks , ELeCTRoNIc,$67.53 ,1535995
bOaRD GaMES , fASHion,â‚«5148836,5.119.598
 cAMEraS, toYS,2111624,2044262
cLEaning, ElecTRoNICS ,372.81,$371.58 
bLOckS,eLEctRonICS,488.142,$16.26 
WearABLEs, FAShoN ,8482k,8462815000
 aUDIO , hOmE & LIviNG ,$149.06 ,$147.41 
 FITNESS , ElecTRonics ,255.03,â‚«6033474
boaRd gAmES, FasHon ,â‚«3403051,3306634
caMeras ,EleCtroNICs ,7021425,6963946000
 cameRas ,hoME&lIVInG ,6426k,â‚«6368279
 PHoNes,fAshOn,940925000,879395000
WEARAbLEs , bEaUTY CarE ,547864,467.59
 LaPToPs , ToyZ,108.37,2532k
kItchen ,elEcTRONic,9.525.823,9.490.012
 CAmERaS ,spoRTS-ouTDoOrS,5775857,â‚«5699478
 CLeAninG ,SPORts-ouTDOorS ,3.618.621,3519535
 fUrNIture, SPorTS & OUTDoors,$294.10 ,6963435
 cLeAning , fAShIon,6339555000,6310k
kiTchen,home&lIVIng,364.8,8.724.939
 sKINcaRe , sPOrts-oUtDOORS ,5.657.995,5569194
 CamERaS,HomE & LIvINg ,192.202,101.439
 cAMerAs, fASHiOn ,â‚«5793389,$237.47 
 clEaNiNg,faShOn,$332.94 ,7951k
CLothIng,ELEctRoNicS,8312k,â‚«8260484
puzZlEs, BeaUty caRE ,$91.42 ,87.92
 HAIRcaRe,BEAUTy caRE ,7864148000,7781064000
 WeAraBleS , fashIOn ,2914k,2904380
lAPtOpS,TOYS ,4148448000,4.050.548
 sKIncAre,FAshon ,4.233.104,4147k
 pHONEs, Fashon ,$397.75 ,â‚«9504245
 auDIO, BEAuTy CAre ,â‚«1097719,42.2
 shoEs ,ELeCTROnic,$144.78 ,â‚«3460578
 boARd GAmES , HOmE aNd lIVing ,$13.87 ,316.389
 ShoEs, beAuTy CarE ,5046800,4990k
cloThiNg, sPORtS & OutdoorS,7011660000,288.1
WeaRABles ,Fashon,7022495,290.57
 Haircare ,eLEctROnIC ,4930k,4904296
 LApTOps,beauTY/CaRE,9800712000,â‚«9735666
cYCliNg ,EleCTRONIC ,8715382000,8671755
PHonEs,hoMe&living ,108571,0.91
AUdiO,SpORTS & OutDOors ,$17.49 ,â‚«374507
 clotHiNg,BEAuTy cArE,1259381000,51.19
 CAMEras,bEAUTy/Care ,329.91,â‚«7827610
shOes ,tOYZ ,â‚«1569104,1493906
pUZZLES ,SpoRTS-oUTDOORs,1669098,1649031000
FitNESS, spORtS-OUTDOoRS,9.683.305,â‚«9594044
 bLockS, SpOrtS & oUtDOOrs,â‚«6036205,6001015
AUDio, sporTs & OUtdOOrS,9818715000,$406.60 
 ShOEs,HoMe&LivInG,8.576.921,â‚«8532824
 AUdio, sPOrTs & oUtDoORs,â‚«5480600,226.19
 CleanInG ,HoMe&LIVINg,4210531000,4129425
rC , hoME & liVING,2448382,98.14
CycliNG ,FaSHIoN,$408.95 ,9807641
laPtops,toYZ,â‚«8154278,8099485000
 laptoPs ,Fashon,1157283,1111318
 cYclINg, BEaUTY/care ,632k,604.59
 CAmEras,sPOrtS-OuTdoORs ,â‚«8323421,8297354
 ACcEssoRiEs , eLECtRonics ,$155.98 ,3659k
fiTnEss , tOYS,â‚«6599819,274.47
furnItuRE , homE & liViNg ,6238k,257.16
hAIRCaRe , SPOrTs-ouTdooRs,310.72,â‚«7405393
CleAninG,BeaUTY/caRe,â‚«5261148,5.259.826
 LapToPS ,toys,$277.81 ,6621236
 BLOcKS,hOME aNd livINg ,6446590,6412722
 ShOES,ELEcTROnIC,â‚«9711525,9699k
 sKiNCarE , EleCTrOniCS ,$298.38 ,7135535
decor,eLectROnIcs ,6.596.355,6587701
 clEaniNg, Fashon ,496.443,406103
 caMerAs,hOmE AND livIng ,9290k,9238208
cAMerAs,eLeCtRoNIc ,2.304.304,$93.87 
 cYCLInG,SpOrTs & oUtDOorS ,$236.64 ,236.14
 maKeuP, sPoRTS-oUTdOORs,4665297,192.85
BlOCks, SPORtS-outdoORs,1414397,1.354.231
laPTOpS,SporTS & OuTdOOrs,7349586,7346460000
 RC,BeaUtY/caRe,7.872.016,â‚«7796306
AUdIO , FASHiON ,â‚«6687992,274.88
camERas,ELEcTRONIC ,5259k,5170367000
oUtdoOr , SPOrts & OuTdOOrs,1162k,1137700000
fUrNiTuRe, ElecTroNiCS,â‚«8639763,8607791000
PHONes,Fashon,â‚«4730740,$196.69 
weARaBles , fAshON,â‚«9287531,386.29
laptoPS, spORtS-OUTDoOrS ,$334.94 ,7993k
Board gaMes,bEAuty/CaRE,â‚«5923720,5847k
weARABLES ,fAsHoN ,$79.08 ,â‚«1818506
DeCOr ,fAShoN ,â‚«4711171,$195.01 
 cLoTHiNG, BeaUTY/caRe,6990296000,$289.62 
lapToPS ,faShion ,6218k,6152k
AuDio,BEAuty/CARe ,1262k,1242k
PhoNES,hOmE And livInG,2060k,2.013.201
wEaRaBLes,HOme & lIviNg,8748509,$363.38 
SkiNCARE,hOmE & LiViNg,75.97,1.809.120
 accEssOrIes, faSHOn,9120350,376.78
MAkeUp,eLECtrOnIcS ,935.626,879478
 PuZzLeS ,HoMe And livInG,637476000,613.806
LaPTopS , hOme&liVING ,8160406,8083123000
 bloCKs,HOme&lIVing ,5663k,235.51
 OutdOOr, HomE and LivIng,161.681,â‚«145208
SKiNCArE ,spoRtS-ouTdOORS,1969061000,$80.40 
 CaMerAS,electrOnICs,6607360000,$273.79 
 haiRCAre, bEauty/caRE,119.71,2816021
 kItcHen , bEaUTY/Care ,$256.70 ,6108k
 AUdio,BEAUtY/caRe ,â‚«9906591,9.889.226
LAPtOPS, ElEcTrONICS,7897k,326.6
 phones, BeAuTY/CARE ,413.24,9828k
 TeaM spoRTs ,Fashon,40.25,931.788
 CaMERas ,BeautY/CaRE ,205.9,203.72
 fURnITURe,bEAuTY Care,9.792.986,9768680000
sKinCARE ,fAsHON ,234.7,5.575.825
oUTDOoR, sPoRtS-OutDoors,117283000,83k
 HAirCaRE,FAshioN ,1007289,975936000
Furniture ,elECTROniCs,90.24,88.16
OuTdoOr , HomE&lIVING,$327.83 ,$325.12 
 aCCessorieS , BEAUtY/CARE ,225.58,5375541000
dEcOr , hOMe & liViNG,2.640.844,2619864
 sHoes , bEAUTY/CarE,2653051000,â‚«2553544
PHonEs, fasHIOn ,6632k,6622471000
bLoCkS ,spORTs-ouTdOors ,â‚«6110961,252.08
 wEARaBleS,elecTROnICs,7386k,7378499
CloThiNG,tOYS ,8543k,8519593000
 teAM SPoRtS ,bEAUTY/care ,1447351000,$59.37 
phOneS,toyz,312.46,311.11
 bLOCKS,spoRtS-oUtDoOrS,1792411,1715722000
 sKInCarE ,FashION ,â‚«9234732,$384.72 
SHoes ,BeaUtY/CARE,944522000,906k
fuRNitUre, bEauTY/CARE,4337837000,4273k
 LaptOPS ,sPorTs-OUtdooRS,â‚«2159263,2085k
 auDiO, FAShON,6644650000,274.55
 MakEuP ,EleCtRoniCs ,8721797,8653k
 lAPtops ,eLeCtROnIc ,6.839.699,6792018000
 BOARd gAmes ,HOmE&liVInG ,8.676.468,8617708
 boARd gAmeS,Fashon,$233.86 ,5575706000
bOaRd GAMeS ,elECTroNIcS ,â‚«1104350,1.013.369
FITNeSs, BEautY/cARe ,3240k,3222552
 cycLiNG , faShiON,4.593.379,4538k
blOCks , toYZ ,144.32,3.452.556
FITNess , ElEctRONicS,â‚«4077693,$167.45 
OutdOOr ,bEauTY caRe,306.17,7286362000
aCcEsSoriES ,ElEctroNic ,â‚«5023673,4995294000
BOARd gaMES,SPOrTS & outdoORs,â‚«6182840,254.86
phOnes, electRoNICs ,$159.83 ,3.787.008
CamERas ,spoRTs-outdOORS,7058487,7036456
 AuDIO,faSHoN ,6747841,â‚«6711984
 audIO, SPoRTs-OutDOors ,â‚«3077754,2997265
TeAM sPORts ,Fashon,6150587000,254.61
 cleaninG , BEaUTy CArE ,â‚«9784715,405.59
pHonES, ToYz ,7314692000,â‚«7250263
 caMErAs, hOME & lIvINg,682944,586.321
 CLeaninG,eLectRoNIC ,302.96,$301.03 
PUzZLeS, ToYs,109.59,2538k
 laptopS,ElECTRONics ,8763k,8685k
 CLeanIng, hoMe and liViNG ,7.521.075,$311.43 
 lAPTopS , SPORTs-OUTDoors,â‚«5934394,â‚«5913221
Kitchen, hOME aNd lIvING,1476314,1447k
shoES,hOMe&livINg,3155518000,3084k
 FUrNITuRe,ElECtRONics ,7626732,7579298
 cLeANInG, eLectROniCs ,365.32,8696096000
WEarabLes , faShIOn,9327656000,$384.96 
WEaRABlES , elecTRoNICS ,109460000,73765
 sKINcare , toYs ,2.187.023,2.161.678
Furniture ,FASHon,8326399000,346.7
pHOnEs, electRoNICS ,â‚«7033576,$291.28 
 HaIrCaRE, BeAUTY CARE ,5159832,â‚«5061536
pUzZlES,FasHioN ,2369214,2.303.043
 WeARAblEs , bEAUtY cARe,2936k,119.17
 TEam SPoRTs , bEAUtY/caRE ,8.393.884,8.375.434
 aCCESSOrIeS, SPoRTS-OuTdooRs,$6.55 ,79310000
TeaM sPOrtS,home&liviNg,$284.98 ,$282.94 
 ACceSsORIeS, bEAUtY/carE,5858480,5856k
Furniture ,BeautY CARe ,3771k,155.98
MAKeuP , beAuTY CaRE,861k,801.178
 pHONes , beaUTy/cArE,â‚«3543647,3517301000
 cyCLInG ,BeauTY cARe ,$104.22 ,2422k
 PuZZleS,tOYS ,â‚«2183657,2100816000
 BoArd gameS ,hOME&LivING,2101k,2008k
fURnITUre ,ELEctronic,45.41,997k
furNItUrE ,BEAuTy cARE,â‚«7651806,315.49
bLoCKS ,eLECTrONicS ,2.756.714,2670k
Furniture ,BeaUty CAre ,7363859,7328417
 ClEaNIng,sPortS & oUtdooRS,8439495,349
ClOtHING , eLECtRoNIC,5289563000,$219.57 
 AcCESsORIeS ,FAshon ,2643k,2595k
 Blocks,HOMe&LIviNg ,2878929000,118.66
 pHONeS , hOME AND LiVINg ,9350133,$388.92 
bOaRd GAMEs ,HomE aND LIvINg,9.779.545,406.15
audIO, ElEcTROniC ,97.34,2300191
 cLOtHinG,FAsHIon ,78.59,1870810
phOnEs ,hOme and lIVIng ,2875091000,$118.19 
cyCliNg , eLecTrONIC ,69.38,1639647
 sKINcare ,Fashon,6076339000,â‚«6048775
 pHONeS, toYs,$147.47 ,â‚«3455027
 KITcHEN ,HOMe & liVinG,6750k,278.31
acCeSSoRIEs,homE AnD LiViNg ,6.544.203,$272.30 
 haIRCArE ,BeAuty CAre,5.410.704,â‚«5394546
Furniture ,SPOrTS-ouTdoORS ,6733k,6677526
OUtDOOR,hoME ANd LivinG ,7.487.403,7452893
 laPtops,hOmE&liviNG ,596k,â‚«582066
 haIrCarE,tOYz,7433163,7344063
BoARd gAmEs ,ElEcTroNIC ,8.941.017,8858294
 CleaninG,fAshON,â‚«8627530,356.99
 sHOeS ,hoMe & living ,9161993000,9103584
 BOarD gAmES , SportS & OutdOOrs ,8074567000,â‚«8059696
OutDooR , SPOrts & oUtDOOrs ,$375.28 ,8936k
 CamERAs , bEaUty/CAre ,51.96,1.148.382
OUTdooR , SpORts-outDOOrS,7769719,â‚«7699723
TeAM sPOrtS,bEAUTy care ,â‚«3800255,3798803
PhonEs, ToYs,91.21,$90.21 
 KITCHEn, HOME & lIViNG,3659530000,149.94
shoEs, ELeCTroNIcS,$248.93 ,5967880000
sKincARE,ElEctRonIC,3747600,154.67
 laPTOpS , TOYZ ,1283k,1260k
Decor,HomE aNd lIvIng ,2580042,â‚«2545303
 caMERAS, BEaUTY/cAre ,809k,â‚«779971
FItNeSs , hoME and liVINg ,6807k,6764670000
 CloThiNG, fAShioN ,$276.92 ,$274.73 
SkIncARE , Home & LIVinG ,6192665,â‚«6147795
 PHones,hoMe&lIvING,6362k,6.315.834
laptOPs ,ElECtRonic,120.23,$118.00 
AccESSoRIEs, tOys,8134523,â‚«8067548
cameRas , bEAUtY/cArE ,328.07,7858k
AUdiO, bEAUty cAre,$400.70 ,9526k
 acCesSoRIeS,sPOrtS-ouTDooRs,9.005.030,8.974.197
 WEaRableS, SpOrTS & outDOoRS,$228.22 ,226.15
WEArAbLEs, FAShiOn,â‚«4117258,4024568000
 CAmERAS,fASHiOn,â‚«7849617,7.766.946
Rc ,Fashon,$219.41 ,5.200.072
auDio ,hoME & lIViNG,$255.79 ,6109k
 cLoThInG,sPOrTS & outDoOrs,8096091000,8.064.267
 pHoNES , BEaUTy/CArE ,37.18,854k
PuZZlES, FaSHoN ,4991024,205.48
cAMeRAs, HOmE And LiVinG,5056012000,â‚«4980606
 DEcOR , sPOrTs-oUtDoOrS,2536580000,104.42
Phones , fAshioN ,395.1,â‚«9443199
DecoR ,elECTRoniC,$309.50 ,â‚«7350078
WEaraBLes , hOME&livING,8128k,$337.65 
KitChEn,beAUTY CARe,336.57,8050443000
FURnitUrE ,Fashon,3178k,â‚«3113951
 boArD gameS ,homE AnD lIVinG,311.87,7436k
 BloCkS ,Fashon,6098k,250.96
 CaMErAS, TOYZ,â‚«7915025,7882252
 weaRABLEs , ToYz,4.611.672,4527k
 puzZLEs, fASHOn,4024492,166.75
 SkiNCARe,FAsHOn ,â‚«8178966,8.097.288
Rc ,fAsHOn,3849159000,â‚«3827726
RC ,BEaUtY/caRE,6916422,â‚«6888902
 rC , ELECtROniC ,9409082000,9342581000
PhoNes, HOme&livinG ,880167000,â‚«872987
 cycliNg ,eleCtRonicS,â‚«1891575,â‚«1850081
TEaM SpoRTS, beAuTY CARe,â‚«4490123,183.91
ClOtHIng , bEAuTy/caRE,1012k,914403
oUtdoOR,bEautY/care ,5746k,5719k
 ACCESsorIES,BeAuTy cARE ,â‚«7151662,$297.07 
 caMERaS, ElectroniCS ,3.15,0.04
 phOnEs, BeAUTY/CaRE ,528.015,500k
 SHOEs , FashION,5.639.035,5577939
cLoTHinG, BEAuTy/CARe,5396k,224.27
CLOThINg ,BEaUTY/cArE ,296.57,â‚«7095305
FURNIturE,bEAUty care,$309.77 ,7430676
 WEArABlEs,SpORTs & oUTdOORs ,9.526.399,393.38
PuZZleS, HOmE AnD LivIng,7.279.299,7199672
 CAMEras ,HOMe & LivinG,5633325,â‚«5603013
 caMeraS , beautY CAre,2.703.846,â‚«2686726
AUdIO ,spoRtS-oUTdOoRs ,6626251,6584k
cAMerAs,BeAUTy CAre,47.86,1073k
 CLEanING , toys,6421k,$266.15 
FURnITUrE ,faSHON ,6.204.027,6.182.952
PUzZleS, tOYS ,7616035000,$313.35 
 rC ,elEcTroNIcs,$252.70 ,â‚«5999777
 kItchen, FAshOn,4170k,172.94
 Audio,tOYS,4.408.128,4.352.858
FiTNeSs,ELeCtroNIcs ,8641k,$359.03 
PHOnes ,Fashon,$123.18 ,â‚«2890995
 skiNcARe, HOme aND liVIng,7094k,292.03
TeAM sPorts, Toyz,$93.42 ,2.157.284
 HairCare , sportS-OuTdoORs ,349.12,8286542000
bOard GAmes ,ELectrONIcs ,246.44,243.58
phONes ,home & liViNG,2806164,2.798.233
 FiTNESS,ELEctRoNicS ,5474857000,5382k
 acCEsSoRIEs, fAshOn ,1101023000,1004823
rC,sportS-OuTDOOrS ,3177k,3161k
 LapTops, bEauTy cARE,9071925,â‚«8988097
 CaMErAS, SPoRTs & oUtDoorS ,216.69,213
 WEaRAbLES, bEAuTY cArE ,â‚«3079235,2990k
LApTOps,Home&LIviNG ,8249653000,8155677000
 DECor,faShon,3713525000,3614233000
tEam SpORtS , elECTRONiCs ,$303.90 ,$303.63 
 PuzZlEs,SpORTS & OutdOORS,â‚«8826106,8735468
WeaRaBLEs, eLeCtRONiC ,2.704.169,2679534000
Rc , BeAuTY CaRE,9701823,$401.68 
PhoNeS ,BeAUTY CARe ,147.83,3.473.599
HaiRCaRE,hOme&lIVINg,7397k,7325204
kitcHEn,toYs ,8.979.270,â‚«8942334
acCeSsorIES,TOYZ ,5.757.430,â‚«5717859
CAmerAs, ELeCtRonIc ,316.4,7551k
AcCessORies, ToYZ,363.08,8628462
 MAkeUP ,sports-OutdOOrS ,â‚«6061413,6.030.150
 bLOCks ,elEctroniCS ,353.05,349.21
cyCLing,hOme anD lIvInG,72.08,â‚«1678216
aUdIo , elEctroNic,1390515000,1372k
haiRCArE,bEAuTy/care ,â‚«7562509,7.523.405
 blOCKS , TOYs ,1061200,1.025.460
rC,ELEctRonIc ,$294.01 ,6.982.024
 WeARaBLeS ,hoMe&liViNg,$386.49 ,â‚«9194825
ouTDOOR , FasHiOn ,866440000,789.7
 clotHINg , hOME&LIViNG ,â‚«9683460,400.26
 AudIO, BEauty/care,384.595,300.971
auDio,sPortS-oUTDOOrS ,8002907,â‚«7978350
 PUZzles,bEauty carE ,213361,â‚«143253
phoNes,ElECtrOnIc,â‚«452417,369099000
pHOnEs,SPoRts-ouTdOorS ,9283k,9216k
 FITNEss, SPorTs-outdoORS,â‚«4477711,â‚«4473886
WearAbleS, HoMe&LiVIng ,3660919000,152.34
FUrNiTURe, elEctRONiCS,9632k,9.575.585
PuZzlEs, bEAUTY cAre ,5245844,5154744000
pHONes , bEAuty caRe ,208.51,207.76
CAmErAS, eleCTRONicS,4.478.934,182.76
 CYclInG ,eLEctRoNiCS ,â‚«9886660,9860k
 lapTops, HoMe & lIving ,4.513.415,$186.57 
kItCHEN , Toyz ,â‚«3126683,3052474000
cAmErAS,BEAUTY/CARE ,5423166,â‚«5418303
SHoES,EleCtRoNIC,8258572000,339.98
FiTnEss ,eleCtronIcs ,7725k,7.695.785
 pUZzLEs , SporTs-OUtDOoRs,4619386000,4553153000
 auDio ,FasHIOn,5270k,â‚«5209045
haIrcARe , Home & liVing ,43177,39k
 BLOcKS , FAShoN,411.43,â‚«9860789
wearaBles ,ELEcTrONIC,$40.45 ,$36.53 
 cYCling,beAUty/cArE ,9056161,9.020.962
 deCor ,ToYs ,â‚«6650398,6619743
maKeUP, ELectROniCS ,9006k,374.47
 AUdIo , hoME & LIvING,3.943.310,3914652
aUDiO,beAutY cARE,1367882000,1333k
CAMErAS,HOmE&lIViNG,3044056,$123.99 
 Rc, eleCtRoniC,â‚«7105292,7077k
RC, spORTS-OUtDoOrS ,$234.44 ,233.03
 CamERAs , homE&liVInG ,403.5,9662900000
pUZZlEs, HOMe AnD LivInG,6020859,6005k
 cLeaNING,BEaUTY caRe ,â‚«4274072,4260244000
wEARAbLES ,SpoRtS & OutDoORS,41.177,29.141
HaircaRE ,sPortS & OUtdOoRs ,â‚«364835,288.399
 wEarabLEs , BEauTy/CaRE ,$345.86 ,$345.80 
lapTops ,Home aNd Living,5898k,5846033000
 rC ,HoME&LIVing ,$153.55 ,151.08
ClOthinG, tOyZ,â‚«6418206,â‚«6400239
 FURNiTURE, SPoRts & OuTDOOrs,6773377000,6.720.415
furNIturE ,spoRts-ouTDoOrS ,1955676,1893396
sHOeS , ElecTroNic ,637122000,619047
phoneS ,eleCTROnICS,497.24,20.27
 KITCHen,bEAuTy cAre ,â‚«8543856,355.67
 pHonEs,elEcTrOnICs,3805408000,3792344000
 WEaraBleS,HomE&lIvinG ,$195.40 ,193.82
 OUtdoor ,Fashon,4496562,4447630000
board gAmES, hOMe aNd livINg ,132k,5
 cLOTHiNG,HOmE ANd liVInG,$215.96 ,5152742
 LApTOPs, ELecTrONicS ,7.483.510,7386k
 cLOTHINg, hOmE And lIVING ,7.313.351,7219563000
CAMErAS,BEauTy/cARe,5.839.923,â‚«5825949
aCcesSories,HOme & LIViNg,4.931.182,204.83
 TeaM spoRTS, BEaUTY/cARe ,6.925.852,6883k
wEaRABleS, ElEcTrONiCS ,23.7,$20.97 
PhoNES , tOyZ,876.686,870.525
 camERAS, bEautY CARE,6078651000,251.94
 LaPTOps,ElECtrOnIcS ,79.69,â‚«1833409
 ClOTHiNG ,BEauTy/caRe,7332801000,â‚«7236231
LAPTOPs,hOme&LiVing ,$43.04 ,955.288
 WEaRABles, eleCTrOniCs,$0.87 ,1000
 AUDio ,faShION ,$415.67 ,$413.87 
 PHONes , eLeCtRONiCS,7531727000,â‚«7449763
AuDio , FaSHIoN,295.48,7.030.817
 HaircarE,spORtS & oUTdoORs ,2.476.318,2388364
PHONeS , electRoNiC ,4496827,185.5
 oUTDOor , ELECtrOniCs ,â‚«7223781,7208k
lAPtops,fashoN ,2.187.187,$90.18 
accesSorIes ,eLECtROnic ,7.980.195,329.95
Furniture ,sPOrTS-OUtDOOrS ,8.984.232,8.899.909
cAmeras , hOme AnD lIvInG,$223.65 ,5312k
boarD GAmes ,ELECtROnic,371.32,â‚«8902831
dEcoR,BeAUTy CaRE,$380.41 ,9.050.475
 wearABLes,ELecTronic,â‚«3181483,$129.77 
CAMeRaS , toys ,7344962000,7305k
 mAkeUp,FAShOn ,91.59,87.65
LAPToPS, HoME & LIvInG ,â‚«6459422,6.431.455
hairCARE , eLECtronic,9049838,8964k
 CaMErAs, ElEctRONics ,200.43,4.750.116
HAIrCaRe ,eLECtrONIcs,4895k,$202.16 
 lapToPs ,ELeCTROnic ,1.951.959,$78.89 
 KITChen , ToYS ,26.1,572834
 TEAm sPORTS,HoMe aND livIng,2267k,â‚«2207613
 OUtDOOr, BEAuty/CaRe,â‚«5424145,5.387.615
cYclINg,sPORts-OUTDOoRS,101.22,â‚«2340547
tEAm SPoRts, SpOrTs-OUtdoORs,â‚«8723181,362.64
 tEaM SpOrTs , hOME AND LIViNg ,$75.89 ,1749003000
OutDoor ,HoME&livIng,2725363000,â‚«2722026
 shoES,SPorTS-OutdoOrs,5843721,5786197
 oUTDOOr ,HoMe and lIVING,â‚«5507436,5.493.266
bOArd GAmES,HOME & livInG ,368.82,â‚«8773887
 CycLinG , ToyS ,$7.42 ,94.22
 CAmeras , BeAUty/caRE ,$29.96 ,$25.85 
WeARablES , ELECtroniCs ,$353.12 ,8467625
Furniture , HomE&lIViNg,6.507.271,6.481.912
fitNess, EleCtRoNics,â‚«6451435,â‚«6447873
skinCArE,sPorts-OUTDoORs,â‚«9425953,9370k
fUrnItURE,TOYS,297.37,294.25
fuRNiTure, bEauTy/cArE ,3.851.354,â‚«3831291
 Audio , ELecTRONicS,1675189000,â‚«1627577
 wearablEs , TOYS,8424k,$348.74 
TEAM SporTs , hoME&liVing,347.71,$347.45 
 ouTDooR,bEauTY CArE ,â‚«9164068,378.55
 BLOCks ,hoME ANd lIvIng,264.44,6259569000
 CLeAninG ,BEAUtY/CaRe ,$91.97 ,â‚«2200968
 teAm sPORTs, home ANd lIving,4088k,4.058.958
WEArABlEs , HOMe&LIVIng ,1810408,1732k
KitCHen , eLECTRoNIcS ,7.919.239,7885350000
MAkEUp,HOMe & LIviNg ,1732848000,$70.94 
 LaptoPS,hOme AND liviNG ,â‚«8578424,8.480.145
cleaNINg , HomE aNd LIvIng,6.790.310,6.737.711
AudiO ,hOmE&LiVing,2094168,$86.99 
 aUdiO,FasHioN ,5608034,â‚«5591439
 SKiNcare ,Toyz ,6.240.420,6.196.920
 LaPTOPs,eLECtROniCs,1.669.928,1622774000
 mAkEUp, ElectRONIcS,9406093,9306k
 sHoES ,hOMe AND lIvIng,$373.78 ,â‚«8969623
FiTness ,FAsHoN ,$397.67 ,9471k
PuZzleS ,TOyS,6700k,6688000000
AUdIo , SporTS & OUTDOorS ,9.535.344,$394.67 
pUZzleS,beaUTY caRe ,7233330,7.182.310
fUrnIturE , SPORTs-ouTdOoRS,9195882000,9157k
 AcCESSOrIEs ,beauTy/CAre ,139.2,$135.46 
 shOeS ,Toyz,1266k,1175573000
WEArabLEs, HOME & lIvIng,3200755,$130.38 
WEAraBleS, eLecTROnICs ,â‚«2505186,2413998000
BOaRD GaMes , toYz ,9804334,9722k
Shoes , bEauTy CARE,$114.64 ,2711k
pUZzles ,hOme AND LIVInG ,7.803.325,$324.41 
 oUTDoOr,EleCtronIcS ,7.825.479,$325.54 
 PhOneS ,HOMe aNd LiVinG ,â‚«4641681,190.12
laPtopS,FaSHON ,â‚«7590902,7535265
 CYCLiNg, ELECTRonIC,7.164.580,296.74
 fItnESS,fAsHION ,5429k,$226.01 
CLoTHinG,BeautY CAre,50.18,1193244
cAMERAs, HoME And LIvIng,526762000,â‚«491894
BoARd games, ElECtRoNiCs,4127k,169.9
 FuRNiTuRE, fAsHiOn,$191.36 ,4.567.675
 CamerAS ,bEAUtY CaRE ,9076343,375.99
 SHoEs,eLEcTROnIc,2193k,2116490
puZZLEs,ToYz ,â‚«7277398,7258586000
 DEcor ,BeAuty/CARe ,9588698,â‚«9567408
 teAM spORts,tOys ,$189.77 ,4.473.020
rc, beautY/carE ,6.301.544,6255456
 AUDiO, HoME & LivinG ,409.53,9736518000
 WearAbLes ,SPorTs & oUTdoors,4633485000,4565k
team sPORtS ,HOmE & LiVing,4856907,â‚«4834002
 haIrcARe, eLectrONic ,3039578000,124.17
pHonES ,toyS ,$171.78 ,4074k
 WeaRABles,FASHOn,1.578.604,1565524
 AudiO ,BeaUty/CarE,$199.52 ,4765645000
weARAbLeS,BEauTy/CarE ,6849295000,6828549
sHOeS, BEaUty/cArE,â‚«5815295,â‚«5795718
WEArAbLEs,ElECTRoniCS,$415.30 ,9936000
 BLOCkS ,FashION ,1213340000,1151k
SKiNCArE , ToYz ,3.719.057,3.666.934
pHONes,Fashon,5717k,5634k
 phonEs, fAsHion ,â‚«1720639,$69.33 
wEARAbLEs,ToYZ,2271999,â‚«2251899
WeaRaBlEs , spORTS & OuTDOors ,2823596,2820126
OUtDOOR , EleCTrOniC,$122.35 ,2.836.601
 cleanING, fAshon ,9.357.815,$388.67 
 BOaRd GamEs , SPoRtS & oUtdOorS ,$384.57 ,â‚«9223534
SHoEs,eLECtrONIcs ,183.28,4333090000
 cycLinG , hOme AnD LivING,3.104.029,â‚«3035726
LAPtops, fAshIOn,â‚«5822267,5753k
 CYclINg ,bEAUty/cArE ,2.302.835,â‚«2224864
FItnesS ,fAsHON,5634393000,$233.64 
LaptOPs,spOrTs-OuTDooRS ,8136k,â‚«8121391
 CaMEras ,hOmE&Living,$173.81 ,4102k
 kitChEn,HOMe & LIVinG ,9.055.053,9.040.101
 PhONEs ,BeAuTy care ,6132k,6.132.276
 fURNITURe,SpOrts & OuTDOOrs ,7121068000,295.46
PHoneS , eLEcTRONic ,4841k,$198.76 
wEaRabLes, ElEcTronICS,4.813.768,â‚«4807984
dEcoR, HOMe&LiVInG ,1972k,1.943.112
 RC, eleCTRONiCs ,2065541,1974709
 TEAm SporTS , faShON,1075k,â‚«1065170
 ShOEs,tOyZ,$355.35 ,8.502.938
haIRCArE, ElEctronIcS ,160.02,157.96
 pUZzLEs ,home anD LIviNG,5961k,5899336000
CYCLiNG , SPORTS-OuTdoorS,6499378000,6403k
PHonES,BeaUTY cAre ,9494k,9489k
HAiRCare,toYS,53.47,1209934
WEARABlEs , elEctronIcS,3.688.297,3680k
 cLEANinG , FASHoN ,1246907000,51.46
PUzzlEs,beAuTy/CArE,357.53,8.508.250
phONEs,spOrts & oUtdOOrs,$90.41 ,2.129.926
 cyclINg , toyz,$75.20 ,$74.36 
 cLeAning ,sPorts & ouTdooRs ,5443731000,5415284
OutdOor, HOMe&lIviNG ,â‚«7461114,7.385.879
 AccEsSORIES ,FAshoN,6631k,6.626.355
 wEaRAbLeS, FashIOn,7327159,7232732
RC, HoME And lIVING ,6767373000,281.36
rc ,homE aND lIViNg ,5963087000,5959k
 kITChEN,TOyZ,2628376000,2619k
 oUTdOOr ,SporTs-ouTDoORs,9626k,$399.08 
hairCare ,spORts-oUtDoOrS ,3.222.925,3217856
OuTDOOr, eleCTrONIC ,4.259.746,4251512
 phoNES,beAuty CaRe ,$212.89 ,5090903
pUzZLEs ,FAsHOn ,$337.92 ,8.109.231
 AccESsorIES ,HOMe ANd LIvinG,7727k,7675724
 bOarD gaMEs, FashOn ,$376.28 ,8960704
 HairCare ,SpoRts & OUtDoOrs,1.348.452,53.66
TEAm SPoRTS ,homE & LIvINg,5166299,â‚«5138769
 laPTOps , sPORtS-oUTDoORS ,3386k,$140.98 
Shoes ,ELEcTRoNiC,5260k,217.61
 TEaM SPORts ,SpoRTS-oUTdoOrS,â‚«6410054,6.389.216
 ClotHINg,eLeCTRonics ,4773k,4751657000
 cycliNg , hoME & LiVING,4.046.827,â‚«3971542
 dECoR ,HoMe&LiVING,4319k,4.289.379
lAPTOPs, hoMe And lIving,â‚«6588337,â‚«6549552
 board Games,beAUTY cARE ,9629510,9548251
 DecOR , fAshon,69.27,â‚«1593867
bLOcKS,hOme anD LiVIng,49.73,1.158.126
OUTDooR ,TOYS ,33.59,778351000
 audIO , ElEcTRoNiC,6858k,6845965000
 lApToPS,TOYz ,â‚«14300,â‚«1000
clEANIng, fAsHIoN ,237.28,5624997
sKiNcarE , spoRTs-OUtDooRS,4968569000,4960k
cYClIng , HoMe&lIviNG,4648566,192.31
Rc ,Toyz ,2.785.015,2.756.867
 lApTopS , hOme and lIVinG,7076588000,294.71
ClEaninG, tOys ,3.847.891,3796k
 PHOnes ,electrONIcS ,1164430,1.071.765
CYclING ,Fashion,â‚«6283928,$259.37 
 KItcHen,ElEcTRoNiCs ,1.091.954,1064k
BlOCKs,eLEcTroniCs ,5937k,5915k
 AUDiO, toYZ ,3207914,3.131.517
fitneSS ,eLectRONICs ,5877k,â‚«5804989
 aCCesSORIEs , BeauTy/cARe,$308.44 ,307.91
 pHOnes , tOyS,263.86,â‚«6315922
shOEs ,ToYZ,1.018.622,944111
HaIRCaRE , eLeCTroNICS,$196.00 ,194.18
fURNItURE,faSHiOn ,9274982,9183023000
FURNITURE ,SPorTS-oUTDooRS ,$294.30 ,293.75
 makEUp,BeAuty/caRe ,$250.62 ,5.995.982
WeArABLes,BEauty cAre ,983876,40.23
OUtDOOR ,eLECTRoNIC ,2469142000,2.404.592
 fURNITURE, fASHOn ,â‚«3690851,3683k
 OutdoOr , sports & OutdOoRs ,8860094000,$368.42 
 pUZZLeS ,BeaUTy/carE ,1380578,1362338
 HaIRcarE , fAShion ,123.44,â‚«2928224
 TEAm SpoRTs ,FaShION ,235.39,5632810
WEaRaBlES ,elEctrOnicS,9.079.545,8996198
cLOtHiNg,HoMe & livInG,â‚«4984656,â‚«4974421
 fuRNitURe,ElEctroNic,878465,34.85
 WEARAbles , eleCtrONics,4.479.728,$185.85 
KiTCHeN,ELeCtrONics ,173.96,4103826000
 WEArABlES ,HOmE aNd liVing,2864k,$115.55 
 PHONeS, elEcTrONIc,4279k,176.76
Furniture ,Fashion ,902k,879198
SkIncaRE,sports-OUtdOorS,8898095,8.823.922
DeCor , ELectroNiCs ,3039k,2991904000
 aUdIO , faShIon,$111.60 ,2670k
LAPtOPs,ElecTRonIcS ,7289k,7242169
AudiO , EleCTRonIC,9411460000,9.364.834
cyCLinG , hOMe & lIVinG ,3.393.428,$137.45 
 oUtDOoR ,ToYs ,$6.52 ,$5.51 
LaPtops,beautY/caRe ,9.659.988,400.48
 pUZzLEs,BeaUTy/care,$98.58 ,â‚«2361638
 FURniTuRE,ToYZ,9651783000,400.38
caMeras,bEaUTY CarE,293.35,6963k
 rc ,HoMe AnD LiViNg ,â‚«8560451,8.551.575
AUdIO , FaSHiOn,7.970.485,â‚«7955479
blOCKS ,Fashon,â‚«6285600,6256928000
 clothinG ,BeAUTY/cARE,7199k,7184k
laptOpS,elEctRONicS,4715055000,4698180000
sKINcarE , BeAUTY cARe ,343.66,8166318
 cAMEraS,beAuTy/CaRE ,7777k,7.682.187
CAmERAs , eLectroNiCS ,$25.19 ,24.63
 bLockS , ELeCTROniCs,51.26,$48.05 
blockS,FasHON ,114304000,â‚«74399
Furniture ,BEautY CarE ,858758,852.715
 RC , SPorTs-OutDoorS,$279.47 ,6634940
AcCEsSOrieS,ElecTroNICS ,917k,825k
 kiTcHEn, hoME & lIVInG ,163590,â‚«107538
DECOR , ToYz ,174.14,4107280
aUdIo ,SPOrtS-oUtdoOrS ,7437005000,7360332000
CLeaNING,FasHOn,9.226.811,381.99
skINCare ,sportS-ouTDOoRS,â‚«7917381,7852k
KitcHen , ELECTrOniCs ,7.292.734,$300.32 
SkiNcArE ,ElEctRonic,â‚«6875394,6842960
cameRaS,beauty/CAre,â‚«4397442,4.303.562
 camEras,BEauTY caRE,7.716.316,7.666.581
cyCLiNg,FAShOn,4271341000,â‚«4248960
 fiTneSs,hOME&livinG ,â‚«591625,558714000
ClOthINg,SpOrTS & OUtDooRs,142.6,97.883
decoR, ToYs ,349.616,$13.75 
SkInCaRE , SpOrtS-ouTdoOrS ,$147.30 ,3484239000
cYcLInG , spoRtS-ouTDOORs ,9282143000,$384.92 
 AccEssOrIEs , BEauTy/CaRE ,130.09,3110k
PhoNES,HomE aND livING,$250.79 ,5952661
 dEcOR ,bEautY cARE,6.176.292,6174129000
cLEANinG, sPoRts-OutDoorS,2914247,â‚«2873923
lAPTOPS, beauTY carE ,2104100,84.33
cyCLING, home & LivING ,472.087,459127000
sKIncaRe,bEAuTy/cARE,8262012,8.242.918
Furniture , spOrtS-oUTdoORS ,1651k,1631316000
FItNESS , hoME aNd LiVIng ,2166k,2103k
 pUzzlEs ,fAshon,3943874000,3858224
 aCcESsOries , spORtS-ouTdoOrs ,2.225.525,2174k
kITchEN, hoMe & LIViNG ,2356k,2317k
CLOthING ,SPorTs-outdOoRS,3289503,â‚«3281689
 sKINCArE ,TOYS ,â‚«4511093,4496k
kItCHEn,HomE & LIVInG ,$134.15 ,$131.87 
Furniture , Toyz,412366000,â‚«342565
 MAkEuP,faSHIon,8159370,8092497
OUtDOor , HoMe&liviNG,4673k,4643568
 AudiO, HOME&LIvING,â‚«5249829,â‚«5215246
 cYcLInG, hOME&LivING ,$249.77 ,5976780
cLothING , FashoN,3012834000,122.29
 bLOcKS , eLEcTrOnics,5395750,â‚«5368115
cAmEraS ,HOmE & LiVIng,4871922,4825058
 PhOnES, HoME&lIViNg,7163k,7147916
 PHOnES ,Fashon,402.1,$398.71 
 PHoneS , beaUty CArE,â‚«6356827,6264540
 CLEaNING , fAShiON ,6.283.696,6279094
AUDiO,ELECTrOnicS ,5134011000,5.062.540
AUDio, ToyS ,593k,â‚«585762
RC, sPorTS & OUtDoORs,8648k,8569k
 rc ,ELeCtRONIC ,9585k,9573k
 kiTcHeN ,beAUtY CaRe,$348.44 ,8.343.794
HAIrcARe ,ELecTrONiC,6942667,6907k
pUzZleS ,SpOrtS-OutDOOrs,44.41,1006230
 BlocKs, hoME & liVIng ,6401447,264.46
 rC , HoMe aNd lIVinG ,9435k,9369116
Furniture , HoME&lIvINg ,â‚«1084792,1053196
CyClinG ,toyZ ,45.62,$44.75 
 WEAraBleS ,sports-oUtDOorS ,189.439,$3.96 
phoNES , HomE & lIViNG,$26.46 ,$24.20 
Furniture , beAUty/cAre ,284.01,6725k
Furniture ,spoRTS-oUTdOoRS,8672k,8.587.292
 skiNCarE ,HoME AnD liviNg ,7696k,7662k
 MaKeUP , HoMe&liVINg,$265.93 ,261.85
 LAPtops , toYz,895492,$35.81 
cleANINg ,sPOrTs-ouTdOoRS ,6447k,â‚«6387019
fURnItuRe, SPoRts-ouTdOORs ,8670785,8602445000
CLEAning,tOyZ ,3018k,â‚«2933247
 audio , HoME & lIving,$341.01 ,339.02
BoArD gAMEs,HOMe and lIviNg,7397896000,7353788000
 pHoneS,eLectROnIcS ,9340774000,â‚«9300229
sHoeS,FashoN,1467k,1454780000
OUtdOor,hoMe AND LiVING,4309230,$176.18 
 lapToPS ,faShoN ,$98.41 ,â‚«2293067
clEaNiNG,Beauty CAre ,$295.70 ,â‚«6998756
BLOcks,tOYS,121.09,$120.93 
ShoeS,bEaUTY/cARe ,403.277,304179
 dECor,eLecTRONICS,3.553.549,$144.80 
 ClOThiNG , eLeCtRonics ,â‚«7637381,â‚«7560128
 CLEANiNg ,ElEctRONiCS,46.83,1092k
tEAm sPorTS,HOMe&LIvinG,204.34,202.05
 TEaM SPortS, Beauty/CarE ,2490k,â‚«2411832
fiTNeSs,EleCTroNICS,8137873000,8134643
phONeS , FaShioN,248.63,5915130000
mAkeup , beautY caRE ,6652756,6642290000
HaiRcarE,beaUTy/caRE ,â‚«8807971,8737k
 accesSORiEs , beAuTY/cArE ,8098k,8.097.367
 phoneS, toyz,8945292000,369.22
aUdiO ,TOYz,$76.86 ,74.64
 blOCKS , TOyS,4709061,4625k
AuDiO ,EleCTRoNICS,$67.03 ,1546k
 MAkeuP, BEAuTY/cARe,9.867.755,$410.75 
 SkIncarE , ElEctRoNIcS,$13.17 ,228.179
 cAmERAs, beAUTy/cARe ,$69.63 ,1.573.772
 CycLInG, toyZ ,â‚«4993848,â‚«4943011
mAkEUP , eleCtRoNics ,$149.74 ,3569619
 wearablEs , TOyS ,8721400000,360.18
 laptoPs, elEcTrONIC ,4304k,$178.16 
LaPtoPs , BEaUTY CARe ,9.540.312,9447696000
 cYclIng,Fashon,8886k,8.840.526
 cLothing,FaSHON,5609559,5550090000
MaKeUP , eLEcTRONIc ,3665203,$150.83 
MAkEuP, spORTS-OutDooRS ,1.907.896,$75.93 
 FUrniturE, toyz,â‚«597897,511.737
 MakEup, tOyz,1.244.793,â‚«1168441
 CyclInG ,sPOrTS-OUtDOORS,371.61,â‚«8827376
caMErAs,ElECTrOnIC ,â‚«7185545,7154942000
wEaRAbLes,SpOrTS & oUtDOORs ,4549907,188.24
 cLoThINg,BeAUTy/CaRE ,3208k,129.61
cleanIng ,ElECtrOnIc ,â‚«254178,$9.15 
 BlOCkS ,ELeCTrOniCS ,3071k,3.057.182
LaptopS , BEAUty CaRE,4117k,â‚«4102422
 LaPTOps , SPOrTs-oUtDoOrS ,â‚«6653940,6640060
auDiO, FaSHON,2565083000,2473k
 KITcheN , beauty caRE,â‚«5699685,â‚«5658839
phoNES , beaUTY CarE,8.47,182.033
 phonES,ToyS,$222.94 ,$221.83 
bOArd gAmes ,ELecTRONiCS,$67.20 ,1.547.940
FITNESs ,HoME&liVinG ,8674276,357.38
 weArABLeS , eLeCTROniCs ,6.740.392,6727k
oUtdOoR , eLeCTRonIC ,$232.65 ,5529k
TEAM SpoRts, sports & outDOoRs ,47.9,1.093.794
camEraS,ELECtrOnIc,6353k,6331956000
 cAmerAS, SpORts & oUtDooRS ,6968380000,6940k
 LaPtoPs,elECtRonIcs ,7.115.868,â‚«7042973
 HaIrcarE,eLectrOniCs,â‚«8447719,8415191
KITChEn , HoME&liVIng,â‚«4977913,4.953.057
AcCesSORIEs,eLeCtROniCS,325.91,7818113000
Furniture , BEaUtY/caRe,4336k,$178.26 
outDoOR , eLecTROnicS,6150917,6099k
 cYCLINg,FAsHIon ,2.289.494,2196119000
 Audio ,sPoRTs-oUtDOOrS,8129567,8083548000
 rc, faShon ,3.837.797,3813837
BLOckS,ELeCtrONICS,8495080,8.410.252
maKEup,SportS & OUTDooRs ,254.64,6049729000
 ShoeS, ToYz,$244.42 ,5.865.805
 clEanINg , home & LivINg ,7861k,7.848.552
OUtDoOR , ELeCTronICs,â‚«1559832,1464k
 bOard gAMeS,HoMe&LIVIng ,â‚«8809755,8765818
HaIRCaRE ,sporTS & ouTDoORs,$186.16 ,4.384.505
BoArd gaMEs, SPORtS & outdoOrs ,8553571000,8479271
 CYCLing , ElECtronIcs,$361.71 ,â‚«8606188
 dECOR , fAShoN ,8014407,7.981.736
 RC , HomE anD LIVIng,233.73,5591k
DeCOr, HoMe & LIvINg ,7225741000,7.216.495
rC , HomE & LIVING,â‚«8302647,â‚«8289027
caMeras,BEautY/CAre,9815288,9775k
 rC, ToYS ,$240.08 ,5751k
OUTdOoR ,FasHIOn,8192790,â‚«8175125
 audIo , spOrTS-oUtDoORs ,361.65,8619490
KitCHEn, BeaUty Care ,4286097000,4.265.776
pHOnes ,Home & LIvInG ,126.47,3000713
 PHONEs,ToyZ ,113.47,â‚«2674930
cyclInG ,Fashon,5.155.584,5.144.093
 teAm sPOrts, FaSHOn ,3491733,3.440.745
 phoNes, BEAUtY Care ,6530k,â‚«6435184
BoARD Games,bEauTY/caRE ,â‚«2808317,2.775.314
SHOES,fASHoN ,6272546,â‚«6184839
cAMERas,hOME & LivIng ,9.075.781,â‚«8979627
laPtOps ,beAutY/CARe ,2287694,2246378000
 WEarABLeS,eLECTROnIcs,â‚«2818384,113.74
 mAkeUp ,TOyS ,187.6,$187.37 
bloCkS, SpOrtS & outdOoRS ,9001941000,374.15
 cLotHiNG, hOMe&LIvInG ,9484k,â‚«9394475
 laPTops, SPOrtS-outDOOrs,â‚«9436464,9.417.726
lApTOps, elecTroNics,7.184.272,299.12
 dEcOr , EleCTroNIc ,8.301.149,â‚«8235310
kitChEn ,fASHoN ,4740k,4721274000
AUdIO , SPORts-oUTDOoRS ,7.472.457,7393999
PHoneS, HOME&LIvING ,5.116.590,212.54
cYclInG, BEautY caRe ,9509522000,â‚«9462194
 KITCHEN, hoME&lIVIng ,$238.61 ,5.701.890
pHoNeS , Home & liviNg ,960.348,930.921
fItNESS ,FaSHION,7393618,â‚«7326435
AUdIO , Home & lIvInG,8424474,8348674
 pHones,FaShoN ,8333144,$345.47 
BoaRd GAMES,spoRtS & OuTdoors,1783696000,73.29
CAmeraS ,ELEctRoNIC ,$227.75 ,5436674
 OutDOoR,Fashon,5114192000,5062k
LAPTOps,home & liViNg ,6280k,6264500000
PHonES ,ElecTrOnIcS ,â‚«5188680,213.72
HaircArE , sporTs-oUTDOORs,$155.42 ,3.655.326
Audio, FAshioN ,286.079,276198000
 PhOneS , hOme&LiVINg,$2.13 ,9410000
rC,hoMe & LiVing ,â‚«680160,â‚«661456
AcCeSsOrIeS,FASHOn ,1377882000,$54.29 
 teAm SportS , SPoRTs & oUtdOOrs ,5.578.792,229.46
 hAIRcaRe, ElECTrONiCs,5950k,â‚«5924493
 CAMEraS , spORTS & ouTDoors ,â‚«6627110,$273.84 
 fitneSS,Fashon,5415k,5408k
 AuDiO , BeAuTy/CARe ,â‚«646514,â‚«628250
Furniture ,Electronic ,9454k,9431017000
PhOneS ,sPORTs & outdOOrS ,6753123,6661219
 hAIRcArE,eleCTronIcS,409.23,$405.92 
Furniture ,tOyz ,4.673.013,$194.07 
MAkeUp,fAShON,4308041000,4287588000
RC, elEcTrOnICs ,â‚«3257705,134.32
 Cycling,HoMe&liViNg,â‚«2000463,$82.98 
 maKEUp,HOme ANd liVInG,$90.57 ,2114029000
 lapTOps, ELEctRONICS,2.470.314,2420462000
LAPtOpS,SpoRts & oUtDOorS,$205.19 ,$201.08 
 WearableS ,elECtROnicS,9722830,â‚«9630273
 SkiNcaRe,sPorTs & OUTDoOrs,8.392.073,8.343.199
 accEssORiES, sPORtS & outdoorS ,5760k,5747k
 BlOcks, eLecTrONiCs,$381.08 ,380.89
 CleANinG,Toyz ,4765013,$196.55 
boarD GAmES, ELECTronIcS,1391355000,$54.52 
 teAM SPOrtS , hoMe & LivinG,49.3,1118k
 audIO , eleCTRoNICS,327.06,7764305
 LApTOpS,tOYz,4536932000,$185.48 
OutDoor , TOyz,$89.37 ,2116k
wEaRABleS , fAsHion ,8.794.869,$365.59 
AUDIo, fashioN,8573k,$354.03 
 BOarD GAMes ,FasHon ,7758067000,7724787000
 acCeSsOries ,tOyS,6459056,6.406.685
 BlocKS , FasHON,â‚«1543971,1539272000
 FiTNEsS, sPoRTS-oUTDoorS,50k,14.356
PuzZLeS , BeAuTY CARE ,220.3,5216510
 shoeS,electrONIcs,1147020000,â‚«1097782
cameraS ,TOyz,3.236.951,$131.56 
 FurnITURe,BeaUtY/cArE ,$213.66 ,211.64
 puzZLeS ,HoMe&lIVInG,$66.96 ,64.47
Laptops ,elEctrOnicS ,2.400.747,2.390.461
 cAmERAs, eLECTROniCS,3941k,3898290
 cameRAs ,HomE&livINg,2119857000,2.052.020
 lApToPS,hoMe & lIViNg ,1.568.956,1.492.550
weARABLES , EleCtrOnics ,3.135.077,3.082.151
 WEArablES, HoME & LIVIng,$46.10 ,1090641000
 weaRAblES , tOYz ,3.974.198,3960k
KITcHEN , beAuTy cArE,48.68,48.65
MakeUp,home & LiVinG,7954k,â‚«7857425
fiTNEss , homE&LIvinG,166.13,â‚«3952252
 cameRAS ,SpORTS & ouTdOORs,946.763,908148000
 WeArAbLES, SpORts & oUTDOOrS,9208553,9158k
 LaPTOPs,BeauTY/care ,â‚«2557130,105.89
WeaRaBles,TOYS ,2.66,10935000
 Team spoRTs , sPoRts-oUtdOORS,$323.63 ,7695655
ShoEs ,elECTrOniC,7887905,7826714
cAmErAS,Fashon,1456814000,1.423.208
 acCEsSorIes, ELectroNIcs ,1019591,938k
 TeaM sPOrTs, FaShIoN,6712602000,â‚«6694815
CAmeRaS ,FashON,518.001,$20.16 
CYcLING ,sPorTs & ouTdoORS ,103.64,$102.97 
FUrNituRE, eleCTrOnIcs ,2048k,83.44
 oUTdoOr , elEcTRONiC,2.486.971,100.73
haIRcare, home & liviNg ,6.367.944,6273k
FiTNEsS, SPoRtS-OuTDOors ,4216k,â‚«4170871
 FURnITUrE , BeaUty/cAre ,$146.16 ,145.79
 fITnEss,toYs,â‚«9803293,$406.29 
kITchEn,eLECTroNicS,639k,553.102
CyCLIng, SPorTs & oUTDOors,7860742000,7835110
MakEUP ,SPOrts & OuTDoORs,8.546.204,8543533
board gAmEs ,HOmE & LiVIng,4296187000,â‚«4255020
weAraBLes , spORts-oUTDOORs ,3112k,3086k
 ouTdOoR , HomE AND LIviNg,â‚«4798877,4.768.880
 shOes, hoMe & LIViNg ,888443000,794490000
 cAMErAs , HoMe anD liVIng,â‚«8556547,$355.70 
 aUDio , fashOn,6308719000,6259510
 CyCling ,toYZ,$336.25 ,â‚«7973002
 makEuP,bEauty/cArE,322.78,319.24
 PHoNES,ELEctRONIcs ,$259.97 ,257.89
aUDIO, HOMe & LIVing ,365390,â‚«286411
AuDiO,spoRTs-OuTdOOrS,6026876,6018944
 OuTdoor , homE aNd LIvING ,9503473,9493114
FurniTuRE,BeauTY/cARe ,$149.54 ,3558k
 puZzLES, eLeCtRonicS,293.44,289.49
wEaraBlES ,FashIoN,9946241,9857656
 PHones , toyZ ,264.51,â‚«6270131
 BOArD gameS, elECtROnIC,5303336000,5.270.060
pUzZlES , SpOrtS-OUTdoors ,705679000,692.79
 LaPtOps, HoMe & LIving,5041694,209.4
weARABleS, TOYS ,$327.50 ,$325.65 
 clEANINg,ELECtROnIcs,1890286000,1881367000
fURNITURe , ElEcTrOnIc,$259.41 ,$259.39 
 LAptOps ,HomE and LIVIng,1476927000,1426360000
OUTDoor , hOME & lIviNG ,â‚«4893809,4.818.631
HaIRcArE, toYs ,261.08,$258.14 
Rc , HOMe & LIviNG ,$387.38 ,9255k
 tEam SpoRTs , hOMe and lIvINg ,â‚«8351781,8285321
Furniture , ElecTrONIC ,3453872,3381k
 phoneS,beaUTy/CArE ,6.104.991,6080081
 cAmEras,ELECtROniC ,109k,1.08
 PHoNEs , sportS-OUTDooRS,6596191000,$270.71 
ouTDoor , fAshIon,9917k,9852761000
weaRaBles, HoMe AND lIvInG,â‚«529446,20.93
wEARaBLeS , sPorts & OUtdOOrs,3.120.789,$128.34 
 CycliNG,eLeCtRoNics ,8413547000,8.347.882
AUDIO,fAsHion,2489953,2407k
 BlOCKS , Home&liVing ,3.508.672,145.92
 deCor,tOyz,7924k,7.851.484
 BlocKs,BeAUTY/CARe,245.54,5.840.692
ouTDOor,hoMe & lIVIng ,7756642,7691k
 fitnEsS ,SPorts & oUtdoORS ,9350998,9332942
CloThING ,toyS ,9.804.142,408.34
AudiO, SPOrTs & OUTdOOrS ,391.19,387.91
 rC ,eLECtroNiC,â‚«9880132,â‚«9813787
AcCessOrIEs ,ELeCTroniCS ,2737k,2.646.998
sHOes ,TOYs ,1.236.951,1188506000
MAkeUp ,Home & LIvInG,$141.73 ,3362k
bOARd gamEs,ElectroNIC ,$137.19 ,3247422000
 lAPTOPs, sPoRTs-OUTDOors,3497403,â‚«3481425
wearAbles ,fasHOn,$35.21 ,838k
KitcHEn ,BeautY caRE,184.82,$182.58 
 caMErAS, hOMe & LiviNg ,2.063.303,$83.87 
bLocKS ,FashiOn ,9682073000,$400.20 
PhOnES,TOys,5.197.309,5146279000
 fItnESS, sPORTS-OuTDOoRS,â‚«1763400,1.691.533
 WeARABLEs, FasHON,3078582,â‚«2989922
WEARABleS, FaSHON,â‚«3222911,$131.21 
cycLiNg, ElECTRONICS,2.471.457,102.2
kiTcheN ,home & LIVING ,301.09,7160767
 PHonES , BEAutY cARe ,857k,$34.74 
 sKINcaRe , Home & liviNG,6896004000,6850k
 sHOEs , bEaUtY/CArE,$178.71 ,$174.84 
 MAKeuP, FAshIon,2237k,2210102
 PUzzlES, beaUtY carE,2273553000,$92.63 
 RC,beAUTY Care ,9213100000,383.52
 clEANIng,FaSHon,4097931,$168.05 
 FitNEss,Beauty/CaRe,$181.70 ,4347k
 HaiRcARe ,sPORTS-outdOOrS ,67.58,1.573.698
 CLoTHINg,fasHIoN,1363333,53.01
HAiRCarE ,toyS ,8.266.802,â‚«8205112
 LApTOps,ELeCtroNicS ,640k,$25.48 
hAircarE , FAShoN ,4.255.050,$173.90 
 ClOtHInG, Toyz ,2052644,1953952000
 OuTdOOr, toys,2963912000,2913091000
cameraS , tOyz ,$38.38 ,889134
AUdIO, HoMe & liVInG,4.057.081,$167.75 
lAPtoPs ,SpOrts-OuTDooRs ,3499697,3482018
 PhoNeS ,sporTs & OUTdOoRs ,4732318000,4695k
 PUZzLes, HOMe And Living ,3.122.976,$127.22 
 weaRABles , SPortS-oUTDoOrS,â‚«7557872,â‚«7533348
AuDio ,SPorts-OUtDoOrS ,1628099,1574127000
SKiNcARE,ElECTRoNIC,â‚«2048899,2021k
FiTnESs,hoMe&living,8242649,341.53
 CYcling,HOMe & lIVing,â‚«1119829,1035177000
OutDoOr ,electRoNIC ,7780055,$324.07 
 weARaBLeS , beAUTY cAre,6236k,$257.57 
BoArD GAmes ,fASHOn ,â‚«7880293,7782k
rc , HoME&LiVinG ,9922587000,9918758
 outDOor , tOYs,312.97,7502k
 MakeUp, faShION,6779k,â‚«6747618
SHOes,Home & LiviNg ,$93.01 ,2136301000
lAPtOps ,eLectrONiC ,3979738,163.81
 CLotHiNg , BeAUtY cARE,â‚«8592621,$356.87 
 PUzzlEs, FaSHIOn,66.88,63.1
 CleANInG ,spoRTS-ouTDooRS ,4.695.813,4614722
AcCeSsORies ,SpORTs-ouTDOOrS,5061k,209.75
CAMeRAS , elEcTRonIC,9619k,$400.28 
 CLeanINg,sPOrTS & oUTdOOrS ,2.918.771,2.885.190
cloThing,beAutY cARE,8727612,8674953000
 sKincArE , HomE anD LivInG,â‚«4925880,4873008000
CaMEraS ,eleCTroNic ,6963613,6902295
 dECor ,ToYS ,205k,127242000
CleanInG , fAShiON ,5.774.699,5.700.566
 weARABlEs ,spORTs-OUTDOorS ,8557036,$354.92 
fitnesS, HOmE ANd LIVINg,121.411,3.23
 cloThiNg, eLeCtrONIcs ,7861k,327.11
CaMeRAS ,SpORTs-OuTdOOrs ,2105985000,$87.48 
 BLoCKs, fAShon,â‚«67762,$2.27 
ACCEsSORIeS, SPOrts & ouTDooRS ,54.52,51.91
haiRcArE, FaSHon ,6039779000,5985k
 tEam sPOrts ,SpOrTs-outdoors,7808875000,7.743.346
 weARaBLEs,beauTY care ,â‚«1408664,57.33
 PuzzleS,EleCTrONiC,4970120,4880434
cycLIng, ElectroNICS ,9318167000,9.260.841
mAkeup,HomE AND LIViNG ,â‚«6649676,6612895
skiNCArE ,ELECTRoNIcS ,5958k,5926k
 AUDIO ,sportS-OUtDOOrs ,$305.11 ,7.250.110
maKEuP,FAsHoN ,7721472,7702014000
 AUdIO , bEAutY/Care ,3.004.242,2985k
SHOEs , hoMe And lIvING ,â‚«3561399,3.471.909
LaptoPS ,ElectroNICS,83.49,1996k
lAPTops ,bEauTY/caRe,$114.40 ,2667k
 ShoeS ,bEAuTY/Care ,2453540,2427659
lAptops , hOme & LiVIng ,274.13,6530989000
CLeaNiNG, HOME & liVing ,$326.80 ,7789165
LAPtoPS ,FAsHon,â‚«3850290,$157.64 
pHOneS, HomE & LIviNg,5643462000,5549788
WeAraBLES ,ElECTronICS,$395.79 ,9.409.232
 skiNcare , TOyS ,9926689000,â‚«9915725
 fiTNess,sPOrTs & OuTDoors ,â‚«5738613,5640167
 skincaRE,elEctRonIc ,1.529.539,1.502.531
 aUDIO ,beautY/caRE ,390.872,349220000
 TEam spORtS ,elECtronIc,4.304.479,178.04
sHOes, ELEcTRonIcS,5166210000,$213.62 
WEaRABLEs,FashIOn ,77.95,1868971000
FURniTUre , sporTS & ouTDoORS,$113.26 ,109.91
haIrCARE, HOmE & Living ,217.94,5215585000
 DECOr, ElecTroNIcS,37.61,823732
 CamERaS,EleCtRONICs,1329109,1319k
 mAkEup , homE & LivIng ,312.62,7481611000
 weArABlEs,beAUty care,5413k,5404043
cAMEras , tOYS ,$406.05 ,$405.22 
WEaRAblES,hOMe & LIVing ,1458322,59.78
Furniture , tOYZ,4.903.647,4898222
Furniture ,tOyZ,311.77,7395640000
aUDIo , spoRTs-OUTDoorS ,$83.72 ,1.974.701
 cyCliNg ,SPoRts-OuTDoORs,182.94,181.93
weaRAbLes ,Toys ,205.13,4871622
 BLoCkS , tOyZ,91.93,â‚«2162602
 FitNESs ,HOmE & LiVING ,38.35,828557000
clOTHing, eleCtroniCS ,89.78,â‚«2138230
CLoTHING,FaSHoN,1475617000,$61.28 
skiNCarE ,eLEcTrOnICS,1227636000,47.78
 bLOcKS,HOmE&lIVING ,2240744000,2155196000
 ouTDOOr, home ANd liVING ,â‚«2704804,2661922
WeaRABleS , ElECtRoNIC,4517k,$185.68 
laptoPS , ElECTRonicS,3972k,3888520000
 BOarD GAMEs,HOmE&LiVing ,7.591.905,7536k
DEcOR,ElEctroNics ,275.3,6.544.232
 hAiRcAre,tOYz ,â‚«6299796,261.54
cLOTHing ,elEcTrOnic,5581k,5.510.554
bloCkS ,ToYz ,7896457000,â‚«7812931
SkINCaRe ,tOys,20.65,422705000
 LaPtoPs,hOME and livIng ,â‚«7774233,7747063
phones,HOme aNd livinG ,4082k,4052315000
 PHonES, HOME anD lIvINg,6903793,6.877.594
 FurNItuRE,tOYS,9483598,$392.96 
PHOnES ,ToyS ,161.41,3776k
 PhOnes, hoME&liviNG ,1045926,964164
wEARABLeS,BEauty/cArE ,3426k,3.414.359
 boaRD gAMes, SPoRTS-OuTdoORs ,4834k,4781611000
MAKeUp , sPORTS & OutDoORS,293.52,290.29
 RC,ELECtRoNiC,8.987.729,8889736
fuRNitUrE , ToYz,$57.11 ,1343k
dECoR, HoMe&lIviNG,6293k,6290k
sKINCARe, hoME&liVing,7.688.362,â‚«7621666
 LAptOPs, ELeCtRoNiCs ,â‚«3435012,3403515000
tEAm spOrtS , eLEcTrONiC,$354.35 ,$353.32 
Rc, eLectroNIC ,30.9,$29.23 
 DEcor , hOME & LIVinG ,289.67,â‚«6916227
SkincAre,TOyS,167k,87192
lApTOps ,sporTS & OUTDOoRS,$143.96 ,$140.72 
kITCHEN,SPorts & outdoorS ,1253783000,1.205.464
OuTDOOR, faSHoN,$78.14 ,1847k
Furniture ,spORts-OutDOoRs ,$310.88 ,7381887
acceSSoRIES, toyS,0.74,1000
WEARAblES ,Sports-oUTDoOrS ,4.386.865,4.360.091
SKInCARe , hOme & livINg,267.19,6329956
Furniture ,eLecTrOnIC ,5.740.388,$238.11 
 skinCArE, EleCTroNiC,5.541.637,5490966
 cloThiNg,FashOn,6371150,263.25
 mAkeup ,ELECTroniCs,5454k,$226.02 
RC, hOMe AnD LivInG,7372395000,7318170
dEcoR ,HomE ANd liviNg,7747k,319.29
 acCESSORiEs ,toyz ,4762246,4731k
 CamERas, eLecTRonIcs ,5107677,5029088000
 PhoNEs , fAsHioN,1556k,1479396
 HAIRcAre, SPoRTs & ouTdoorS ,273.6,$271.27 
OUTdoOR,sPORtS-oUTdooRs ,5986847,5.978.552
weARABLES,fAShION,5.419.526,5397k
 HAIRcaRe,TOyZ,5711984000,â‚«5689802
FItneSs ,toYZ,4.631.773,4621115000
 fITNeSS ,tOyS ,â‚«2289931,$92.54 
 PUzZles, home & LIVING,5.103.514,210.16
 aUdIO,eleCTRoNics,6555768000,6514668000
decOR ,eLECtRoNiCs ,5768k,5674433
 rc ,ELeCTRonICS,â‚«176084,105061000
CLOtHInG,FAshIoN ,375.02,8960901000
cAMeRaS , eLECTRONICs,2950999,122.61
fitNeSS, SPOrts-ouTDoorS,61.52,1446881
blOCks, ELeCtrOniCS ,â‚«3910276,160.45
TeAM SPORts , FAShION ,122998,99582
 kitcHEn ,Home & lIVing,$355.75 ,8.447.935
CaMErAS, tOYZ,9884861,9.798.627
PHONEs, eLECtrONiCs,â‚«6464879,6421543000
auDIo,eLEctrOniCs ,â‚«3613593,147.5
Furniture , eLecTroNICs ,1522k,â‚«1504317
hAircAre,BeAutY/carE,â‚«8924383,8851k
cyclIng , hOmE&livinG ,9124562000,9070k
clOTHiNG,FAShON ,â‚«4986192,4980151000
TEAm SPOrtS, faSHion,5.262.668,5233k
pHoneS , SpoRts-ouTdooRs ,2.461.400,2.372.961
FURNituRe , fAshon,660851000,582k
AUdiO , hOMe&LIVing ,249.7,5989k
acCessorIES, tOYZ,332.98,7934103
lAPToPs , hOMe&LiVinG,$175.31 ,4.119.759
 pHOnes ,SpOrTs-oUTDOORs,â‚«7537576,7537203
 fURnItuRE, bEAutY carE,8.938.431,8.843.798
 PhoNeS ,tOYz,2529841000,2445319000
 audIO ,bEauty care ,$335.23 ,7981280
 OutdOoR , sPorts & OutDooRS,3522891000,3503740000
wEAraBles , SPorTs & OUTDOOrS ,8.477.248,8448707000
 KITchEn ,TOYS ,7636522,7588162
rc, FaShioN ,4518822,$184.79 
acCeSSoRiEs ,spoRts & outDOoRs ,â‚«4816924,199.38
audIO , ElEcTrONiC ,7792264,7724086
 sHOEs , EleCtroniC,â‚«5044936,5002k
CaMEraS, fasHon,77k,â‚«29117
 TeaM sPORTs,homE & liviNg,7042891,7017k
AcCeSSoRies ,bEauty carE,290.25,$287.87 
FitNEsS, spORTS & outdoors ,133.31,3100266000
 pHones,hoMe & LiVING,46.51,$42.69 
kiTcHen , SPORTs-oUTdOorS ,5223920,216.35
weAraBlEs , ElECtRonICs ,7.804.699,323.17
 PUzZlES,beaUTY cARE ,5.276.749,5.205.982
 cAmerAs,Toys ,8426280,350.61
OutdoOr ,eLECtroniC,6867k,6811533
 kitCHEn,toYZ ,â‚«3722966,â‚«3669217
pHoNeS,Fashon,1274k,50.49
 CYcLInG, Home&lIVing ,379.17,9.088.564
 PHoNEs,hoMe&LIVInG ,$18.58 ,â‚«442449
LApTops ,fasHON ,3048k,125.34
Team SpoRTS,sPOrTs-OUTdoOrS ,â‚«1208616,1158519
 skINcAre , ELecTronIC,1497074,1.475.296
Furniture ,FAShiOn ,$243.29 ,5808521
bLOCks , toYz,8.910.062,8898665000
AudIo,FasHIoN ,8856328000,â‚«8805462
CaMEraS ,toYs,1.279.725,52.4
 AUDio ,ElECTroNiC ,$262.54 ,6.246.138
 bloCks , SPOrtS & outDOors,8947827,8943k
 LAPToPs ,BEAUTy/cArE ,â‚«2290761,2288789
PUZzles ,ElecTROniCs,â‚«8339293,â‚«8322510
 OuTDOOr , SPORtS & oUTDoors,â‚«6643576,$273.28 
 mAKEup,bEAuTY/CArE,580924000,561658
FitNeSS,TOYZ ,6269k,257.09
 CyClinG,HOmE&liVinG ,5.666.270,â‚«5607251
PhoneS,HoMe & Living,425832,334k
phONEs , HoME & LiviNg,4978k,206.33
 MakeUp ,EleCtROnIC ,6.632.797,274.66
BoarD GAMEs , fAShON,â‚«7797438,7.756.142
 LaptOPS,ELECTRoNIc,â‚«1157654,1.144.280
 tEaM sporTS , hOME & lIViNg ,169.11,$168.58 
aUDIO , Toys,$292.31 ,6.936.820
 FitNESS ,ELECtRONIcs,6205k,6.106.930
teAm SPOrts , hOME&LiViNG,â‚«7508802,7436489
 FurnituRe, toyZ ,143.05,3392k
 weARAbLES, fASHon ,9745300,â‚«9745070
CYClINg, ELEcTRONIcS,$110.51 ,109.84
 MakeUP ,TOyZ ,6683295000,276.54
 lAptOPs,HOme&lIVINg ,1203101,46.95
DEcOr, bEAUty/caRE ,60.14,$56.29 
 LaPtOPs,hoME AnD LIVIng ,2955k,122.71
 lAPTops,home & LIviNG,390.56,9.335.027
 PHONes , eLeCTRoniCS ,9628k,$397.61 
lAPtOps,ELectRONICs,59.21,1378k
deCor,hOME&livINg ,2.949.868,â‚«2934905
 hAIRcAre, tOYz ,2172935,$89.51 
decOr , BeAuty/CArE ,6381355000,â‚«6303481
 KiTchEn ,eLECTrONICS,$103.42 ,$101.27 
pHoNEs, ElectrOnic,â‚«7711576,319.41
CAMERAs , Toyz,7324489,7.288.009
 AudiO , hOMe & LiVInG ,2.402.731,2.332.402
 ACcEssorieS, ELeCtrONiCS,197.01,4643615000
audIO, beAutY CaRE,$221.44 ,5303679000
 PhoNeS , HomE&lIViNG,$137.43 ,134.07
fUrNiTUre ,HOme & liVING ,8541260000,8521110000
OUTDooR, bEAuTY/CaRe ,$192.16 ,191.26
rC, toys,2842980000,2812k
sHoes , electroNicS,4309527000,4269470000
cLotHing,BeAuTy/CarE,7229861000,$299.31 
TEAm SPOrtS,SporTs & OuTDOORs,6465821000,267.49
 FurniTure, tOyz ,6247k,â‚«6151611
CLOThINg ,BEaUTY/cArE ,296.57,â‚«7095305
 camEras,BEauTY caRE,7.716.316,7.666.581
 acceSsoRies,HOmE & liviNg ,â‚«3358674,136.44
AUdIo , SporTS & OUTDOorS ,9.535.344,$394.67 
 CAMEras ,HOMe & LivinG,5633325,â‚«5603013
Rc ,Fashon,$219.41 ,5.200.072
 tEam SpoRTs , hOMe and lIvINg ,â‚«8351781,8285321
 BoArd gameS ,hOME&LivING,2101k,2008k
PhOneS ,sPORTs & outdOOrS ,6753123,6661219
CaMErAs,ToYS ,56.66,1326471000
 aCCessoRies,ElEcTRonIC ,334.95,â‚«8021525
AuDio , FaSHIoN,295.48,7.030.817
 aUDIo ,bEAutY cARe,285.48,6770657000
 MAkEuP,faSHIon,8159370,8092497
AuDiO , BEaUty cArE,350.12,$347.68 
Rc ,Toyz ,2.785.015,2.756.867
 phOnEs, BeAUTY/CaRE ,528.015,500k
bOaRD GaMES , fASHion,â‚«5148836,5.119.598
CAmeRaS ,FashON,518.001,$20.16 
 cLOTHING , ElEctRONic ,9046868000,8.969.248
 acCEsSorIes, ELectroNIcs ,1019591,938k
 phonEs, fAsHion ,â‚«1720639,$69.33 
 aUDIo ,eLEctROniC ,4044636,167.42
 FURnitUre , beAuTY cARE,8852616000,367.91
BoArD gAMEs,HOMe and lIviNg,7397896000,7353788000
caMeras,bEaUTY CarE,293.35,6963k
Furniture , BEauTY/Care,â‚«1377177,1282793000
 DECOR,Fashon,1856013,1829130000
furNIturE ,spoRts-ouTDoOrS ,1955676,1893396
DeCOr ,fAShoN ,â‚«4711171,$195.01 
CamERAS ,FaShIoN ,49,47.86
pHONes , bEAuty caRe ,208.51,207.76
BoARD GAmeS, beAuty/CaRE,$234.26 ,5528k
 BOaRd GamEs , SPoRtS & oUtdOorS ,$384.57 ,â‚«9223534
aCcESSorIeS ,ToyZ,2597274,2561k
Furniture ,eleCtrOniC ,4658k,4610290
FuRNITuRE , HoME & lIving ,134.93,130.95
Furniture , HoME & LIVINg,â‚«9787113,407.4
 bOard gAMeS,HoMe&LIVIng ,â‚«8809755,8765818
BLockS, SporTS & ouTDOOrS,$36.50 ,$35.79 
 caMERAS, BEaUTY/cAre ,809k,â‚«779971
sHoeS,sPORtS & OuTDOors,â‚«5148817,5085462
 makEuP,bEauty/cArE,322.78,319.24
pUzZleS ,SpOrtS-OutDOOrs,44.41,1006230
 aUdIO,HomE&LivInG ,101.83,99.44
 TeaM spoRTs ,Fashon,40.25,931.788
ACCEsSORIeS, SPOrts & ouTDooRS ,54.52,51.91
CLOThINg, eLectROniCS ,1.347.585,52.55
lapToPS ,faShion ,6218k,6152k
tEaM sPORts,electronIcS ,8461407000,349.73
lapToPS ,faShion ,6218k,6152k
 sHoEs,eLeCtRONIc ,â‚«1892679,â‚«1820201
FItneSs ,toYZ,4.631.773,4621115000
DeCOr, HoMe & LIvINg ,7225741000,7.216.495
 CAmeras , BeAUty/caRE ,$29.96 ,$25.85 
 pHoNEs ,SPoRts & oUTdooRS,327.26,7.804.783
fiTNeSs,EleCTroNICS,8137873000,8134643
 DECor,faShon,3713525000,3614233000
 skiNCarE ,HoME AnD liviNg ,7696k,7662k
Furniture ,tOyZ,311.77,7395640000
PUzzlEs , fAsHOn,6338062000,â‚«6264776
 cLotHING, fAsHOn,6074k,6066994000
bloCKs, bEaUTy cARe ,3.722.927,3630k
Shoes, FashoN ,â‚«1638156,$65.82 
 AcCESSOrIEs ,beauTy/CAre ,139.2,$135.46 
 AcceSSoRIes ,eleCtrOniCs,2088297000,â‚«2018869
 phONES , bEaUTY/cARE,5316929000,5257997000
weaRAblEs ,HoME and LIViNG ,9772492000,9.675.394
 ACCEsSoRiES ,SPorTS-OUTDOoRS,7484k,7445524000
 hAirCARe , ELeCtrOnics ,â‚«8477019,8409205
 WeARableS, toYS,5595216000,5552495000
rc ,homE aND lIViNg ,5963087000,5959k
clEaNiNG ,elECTRoNic ,78.04,75.88
 WeAraBleS , fashIOn ,2914k,2904380
 cyclINg , toyz,$75.20 ,$74.36 
 fURNitURe, Home AnD livING,3.414.390,3382803000
OUTDooR ,TOYS ,33.59,778351000
DeCOr ,fAShoN ,â‚«4711171,$195.01 
CLOthING ,SPorTs-outdOoRS,3289503,â‚«3281689
 kiTcHEn, hoME & lIVInG ,163590,â‚«107538
 accEssORieS , homE AnD LIvIng,704.408,686.471
LaPtopS,hOME&livING,4530798000,â‚«4469982
 MakeUp ,EleCtROnIC ,6.632.797,274.66
 WEaRables,ELEctronIc,404883000,12.77
 Team SPoRTS ,Fashon,$159.53 ,â‚«3804993
WEaraBLes , hOME&livING,8128k,$337.65 
CaMEraS ,toYs,1.279.725,52.4
HaIRCaRE ,sporTS & ouTDoORs,$186.16 ,4.384.505
 HAIRcAre, SPoRTs & ouTdoorS ,273.6,$271.27 
 makEUp,BeAuty/caRe ,$250.62 ,5.995.982
 FUrNITuRe,ElECtRONics ,7626732,7579298
 CLeanIng, hoMe and liViNG ,7.521.075,$311.43 
OUtDOOR ,eLECTRoNIC ,2469142000,2.404.592
 laptOPs, FashoN ,$262.36 ,262.14
PuZZleS, HOmE AnD LivIng,7.279.299,7199672
 CLeanINg,sPOrTS & oUTdOOrS ,2.918.771,2.885.190
weaRAbLes ,Toys ,205.13,4871622
 BlocKs, hoME & liVIng ,6401447,264.46
CYclInG, eLECtrOnic,â‚«9028095,$372.29 
 auDio , TOys ,781.557,$30.26 
